,Source Account,Text,Date,Compound,Positive,Neutral,Negative,Tweet Count
0,BBC,"Tonight chatting to #GrahamNorton...

‚ú® @katyperry!
‚ú®@SteveCarell!
‚ú®Dakota Johnson!
‚ú®Alan Carr (@chattyman)!
‚ú®Music‚Ä¶ https://t.co/3oKYbSxZeE",Fri May 22 19:01:00 +0000 2020,0.5374,0.211,0.789,0.0,1
1,BBC,"Piglet rescue! üò≠‚ù§Ô∏è

Roaming In The Wild is streaming now on @bbciplayer.

Via @bbcthesocial.

https://t.co/CTXCTkeqBX",Fri May 22 19:01:00 +0000 2020,0.126,0.152,0.718,0.131,2
2,BBC,"Here is @matthaig1's simple piece of advice for better #MentalHealth.

What's your simple tip?
https://t.co/toSiVTl3bX",Fri May 22 16:01:00 +0000 2020,0.4404,0.172,0.828,0.0,3
3,BBC,"RT @bbcouch: Ouch favourites @MarkOneinFour and @ms_molly_vog bare all in this mental health special of #OuchCabinFever

When the world wen‚Ä¶",Fri May 22 15:58:20 +0000 2020,0.4019,0.124,0.876,0.0,4
4,BBC,"RT @BBCR1: Here's how the #BigWeekend Headliner and Radio 1 stages are looking for Saturday 23rd and Sunday 24th May! üòç

Check out set-time‚Ä¶",Fri May 22 15:27:49 +0000 2020,0.5093,0.112,0.888,0.0,5
5,BBC,Find out more about the BBC's focus on mental health this May: https://t.co/9Z8jrQrIck,Fri May 22 14:04:03 +0000 2020,0.0,0.0,1.0,0.0,6
6,BBC,"If you're finding lockdown tough because you live alone, Tobi Green Adenowo (@ToughCookieTee) has some tips to make‚Ä¶ https://t.co/zJD44nbNov",Fri May 22 14:01:00 +0000 2020,-0.3612,0.0,0.829,0.171,7
7,BBC,"RT @bbcworldservice: Dressing up for Eid needn‚Äôt be stopped by lockdown ‚Äì here are @theswolearab, Fatima and Hira with their style tips htt‚Ä¶",Fri May 22 13:28:25 +0000 2020,-0.2263,0.0,0.921,0.079,8
8,BBC,"RT @HackerTDog: GET THE #FridayFeeling BY WATCHING ME MAKE LOADS OF CELEBRITIES LOL OUT LOUD. WATCH MY NEW FILM HERE:
https://t.co/Bq7cRYke‚Ä¶",Fri May 22 12:51:33 +0000 2020,0.5473,0.15,0.85,0.0,9
9,BBC,"RT @bbcpress: New comedy series #Staged, starring #DavidTennant and @MichaelSheen, is coming to @BBCOne in June. Here's a little taster of‚Ä¶",Fri May 22 12:25:44 +0000 2020,0.3612,0.111,0.889,0.0,10
10,BBC,"With fashion weeks going digital because of Covid-19, 3D artists are being hired to create virtual clothes, and eve‚Ä¶ https://t.co/qIXRy0tUI7",Fri May 22 11:01:00 +0000 2020,0.2732,0.1,0.9,0.0,11
11,BBC,"For details of organisations which offer advice and support with mental health, go online to https://t.co/rWDj404Gvz",Fri May 22 09:26:23 +0000 2020,0.4019,0.153,0.847,0.0,12
12,BBC,More information about the range of programming about mental health across the BBC can be found here https://t.co/U3LM36WRcU,Fri May 22 09:17:44 +0000 2020,0.0,0.0,1.0,0.0,13
13,BBC,Find out more about the BBC's focus on mental health this May: https://t.co/9Z8jrQrIck,Fri May 22 09:11:53 +0000 2020,0.0,0.0,1.0,0.0,14
14,BBC,"For details of organisations which offer advice and support with mental health, go online to https://t.co/rWDj404Gvz",Fri May 22 08:45:56 +0000 2020,0.4019,0.153,0.847,0.0,15
15,BBC,"For details of organisations which offer advice and support with mental health, go online to https://t.co/LYeKPCdUPk",Fri May 22 08:11:47 +0000 2020,0.4019,0.153,0.847,0.0,16
16,BBC,"‚ÄòI‚Äôd describe it like the reactions inside the sun.‚Äô

This is what it's like to live with severe anxiety.‚Ä¶ https://t.co/aXLOTxZxgg",Fri May 22 08:01:00 +0000 2020,0.34,0.203,0.691,0.106,17
17,BBC,"Three very powerful and personal stories about #MentalHealth - all streaming now on @bbciplayer.

Nadiya: Anxiety a‚Ä¶ https://t.co/l5Fdpb6PuJ",Fri May 22 00:01:00 +0000 2020,0.3384,0.149,0.769,0.082,18
18,BBC,".@JasonManford gives us his words of wisdom on mental health during lockdown, and the power of laughter ‚ù§Ô∏è https://t.co/Imno3mD6kx",Thu May 21 20:30:00 +0000 2020,0.765,0.268,0.732,0.0,19
19,BBC,"For details of organisations which offer advice and support with mental health, go online to https://t.co/rWDj404Gvz",Thu May 21 19:02:17 +0000 2020,0.4019,0.153,0.847,0.0,20
20,BBC,This scene where Marianne and Connell finally address their class difference and how it's affected their relationsh‚Ä¶ https://t.co/SwYPjla1Ji,Thu May 21 19:01:00 +0000 2020,-0.1531,0.0,0.914,0.086,21
21,BBC,"Comedian @ItsTonySlattery meets experts to explore his psychological problems, finding out if he is definitely bipo‚Ä¶ https://t.co/7614I03Iol",Thu May 21 18:01:00 +0000 2020,0.3818,0.241,0.636,0.123,22
22,BBC,"To mark International Diversity Day, the BBC Director-General Tony Hall and UN Deputy Secretary-General Amina J Moh‚Ä¶ https://t.co/qe9YYNQYSC",Thu May 21 16:20:13 +0000 2020,0.0,0.0,1.0,0.0,23
23,BBC,"Another #ThisCountry deleted scene from @bbcthree: more of Mandy's stories.  üôåüìö
https://t.co/s7D6Sc4Jpt",Thu May 21 16:01:00 +0000 2020,0.0,0.0,1.0,0.0,24
24,BBC,RT @HackerTDog: YOU ARE ALL INVITED TO PLAY MY QUIZ AT 7.30PM LIVE TONIGHT ON MY YOUTUBE CHANNEL! GO AND SUBSCRIBE TO ME https://t.co/kFDPk‚Ä¶,Thu May 21 15:41:52 +0000 2020,0.5307,0.13,0.87,0.0,25
25,BBC,‚Å£More information about the range of programming about mental health across the BBC can be found here https://t.co/U3LM36WRcU,Thu May 21 14:07:13 +0000 2020,0.0,0.0,1.0,0.0,26
26,BBC,"Social media can be helpful and informative during lockdown - but it can also be overwhelming.

@naomishimada
 has‚Ä¶ https://t.co/oCS7c3T4lp",Thu May 21 14:06:45 +0000 2020,0.2263,0.095,0.905,0.0,27
27,BBC,"For details of organisations which offer advice and support with mental health, go online to https://t.co/rWDj404Gvz",Thu May 21 12:29:13 +0000 2020,0.4019,0.153,0.847,0.0,28
28,BBC,Nadiya: Anxiety and Me is streaming now on @BBCiPlayer. https://t.co/cizeDDzBYx,Thu May 21 12:29:01 +0000 2020,-0.1779,0.0,0.841,0.159,29
29,BBC,"Nadiya Hussain explains how severe anxiety affects her life.
 
@BegumNadiya #MentalHealth
https://t.co/BTZnT3dEQY",Thu May 21 12:01:00 +0000 2020,-0.5106,0.0,0.699,0.301,30
30,BBC,RT @bbcpress: The BBC‚Äôs Director of Creative Diversity @JuneSarpong has committed to hardwire diversity and inclusion throughout the BBC -‚Ä¶,Thu May 21 11:14:48 +0000 2020,0.6124,0.217,0.783,0.0,31
31,BBC,"RT @BBCSport: üí™ Want to get fit and need some structure to help you? üóì

üì≤ #Couchto5K is the app for you ‚û° https://t.co/z3IGRWqgYv https://t‚Ä¶",Thu May 21 10:42:34 +0000 2020,0.6705,0.188,0.812,0.0,32
32,BBC,"RT @cbbc: It's #MentalHealthAwarenessWeek2020 and there is no better time to be kind to yourself and others ü•∞ #BeKind #BBCOwnIt 
@JoeTasker‚Ä¶",Thu May 21 10:41:59 +0000 2020,0.6116,0.208,0.714,0.078,33
33,BBC,"RT @BBC6Music: As premiered by @ChrisHawkinsuk...

Composer and producer @ErlandCooper explains how he used 6 Music listeners' sounds of ch‚Ä¶",Thu May 21 09:08:20 +0000 2020,0.0,0.0,1.0,0.0,34
34,BBC,Love this!  üòç 8-year-old @KatyPerry fan Charlotte gets the surprise of her life when her substitute teacher is... A‚Ä¶ https://t.co/a3iB06Ubts,Thu May 21 08:01:00 +0000 2020,0.8977,0.385,0.615,0.0,35
35,BBC,"What‚Äôs your mental health tip?

üß† Mental health campaigner @matthaig1 joins @ChrisHawkinsUK this morning to kick of‚Ä¶ https://t.co/sxITXwI65a",Thu May 21 05:57:24 +0000 2020,0.0,0.0,1.0,0.0,36
36,BBC,"For details of organisations which offer advice and support with mental health, go online to https://t.co/rWDj404Gvz",Wed May 20 18:53:15 +0000 2020,0.4019,0.153,0.847,0.0,37
37,BBC,.@DavidHarewood revisits a psychotic episode which saw him restrained by six police officers and sedated by hospita‚Ä¶ https://t.co/BTx6ZDUy95,Wed May 20 18:01:00 +0000 2020,0.0,0.0,1.0,0.0,38
38,BBC,"As our lives get more complicated, simple things become more precious. üíô 

@BelugaLagoon #MentalHealth
https://t.co/GePHVoevCo",Wed May 20 16:01:00 +0000 2020,0.6115,0.21,0.79,0.0,39
39,BBC,More information about the range of programming about mental health across the BBC: https://t.co/9Z8jrQrIck,Wed May 20 14:01:51 +0000 2020,0.0,0.0,1.0,0.0,40
40,BBC,"Whether you‚Äôve been together for 8 weeks or 8 years, every relationship's under pressure in lockdown.

Relationship‚Ä¶ https://t.co/s0Li4RyHQC",Wed May 20 14:01:00 +0000 2020,-0.296,0.0,0.885,0.115,41
41,BBC,"RT @bbcthree: Roses are red, #ThisCountry is great
We liked this joke so much we made eight https://t.co/MAldf6mtRP",Wed May 20 13:07:13 +0000 2020,0.8555,0.385,0.615,0.0,42
42,BBC,"These scientists are working hard to develop a safe vaccine for COVID-19.

Coronavirus: A #Horizon Special - Part 2‚Ä¶ https://t.co/KuHyZAO8lN",Wed May 20 12:01:00 +0000 2020,0.6369,0.233,0.708,0.058,43
43,BBC,"RT @bbcpress: Want to watch and listen to your favourite BBC programmes with your friends and family? @BBCRD have created #BBCTogether, all‚Ä¶",Wed May 20 10:15:46 +0000 2020,0.6597,0.252,0.748,0.0,44
44,BBC,"Congratulations to @captaintommoore, who will soon be #SirCaptainTom!

It's been announced that he is to be knighte‚Ä¶ https://t.co/6xdhv4jtUs",Wed May 20 09:11:49 +0000 2020,0.636,0.198,0.802,0.0,45
45,BBC,"For details of organisations which offer advice and support with mental health, go online to https://t.co/rWDj404Gvz",Wed May 20 08:51:42 +0000 2020,0.4019,0.153,0.847,0.0,46
46,BBC,"Why do some people get depressed?

The jam jar analogy is a helpful way of understanding why some people suffer fro‚Ä¶ https://t.co/75Q9czfKIA",Wed May 20 08:01:00 +0000 2020,-0.6124,0.098,0.664,0.238,47
47,BBC,"Which record always soothes you?

@bbc6music asked some of their favourite acts this very question. Listen to Handp‚Ä¶ https://t.co/APmZCDe2Zh",Wed May 20 07:43:00 +0000 2020,0.0,0.0,1.0,0.0,48
48,BBC,"In Part 2 of the #Horizon Coronavirus Specials, @DoctorChrisVT, @FryRsquared and Dr Michael Mosley examine the late‚Ä¶ https://t.co/wdBx30pEPb",Tue May 19 19:01:00 +0000 2020,0.0,0.0,1.0,0.0,49
49,BBC,"This is what kids in 1986 thought the year 2020 would be like... accurate?  ü§î
https://t.co/bFIdDYdqxS",Tue May 19 17:01:00 +0000 2020,0.3612,0.135,0.865,0.0,50
50,BBC,"RT @BBC6Music: Which record always soothes you?

We asked a few of our favourite acts this very question. Listen to Handpicked, The Morning‚Ä¶",Tue May 19 16:23:53 +0000 2020,0.0,0.0,1.0,0.0,51
51,BBC,"For details of organisations which offer advice and support with mental health, go online to https://t.co/rWDj404Gvz",Tue May 19 16:02:38 +0000 2020,0.4019,0.153,0.847,0.0,52
52,BBC,"""The reason we're here is that we've both come close to killing ourselves"". 

@ChrisGPackham met Joe Harkness to ta‚Ä¶ https://t.co/x9M7WHZORr",Tue May 19 16:01:00 +0000 2020,-0.6597,0.0,0.812,0.188,53
53,BBC,".@MicahRichards talks about why speaking about your feelings is a strength, not a weakness. 

@OpenUniversity‚Ä¶ https://t.co/rdqd4H0tsL",Tue May 19 14:08:41 +0000 2020,0.6738,0.283,0.717,0.0,54
54,BBC,RT @bbcpress: This Thursday join the BBC and @UN for the #CreativeDiversity Dialogue to mark #InternationalDiversityDay on @LinkedIn Live w‚Ä¶,Tue May 19 13:08:22 +0000 2020,0.296,0.104,0.896,0.0,55
55,BBC,"RT @bbcpress: #TheNest is the biggest new BBC drama of the year so far, averaging 9m viewers. See what you're missing on @BBCiPlayer: https‚Ä¶",Tue May 19 11:16:29 +0000 2020,-0.296,0.0,0.913,0.087,56
56,BBC,"No primates have gone extinct in the last 100 years... but that could change.

#Primates is streaming now on‚Ä¶ https://t.co/pHilRWb7Jn",Tue May 19 11:01:00 +0000 2020,-0.1531,0.0,0.922,0.078,57
57,BBC,"RT @bbcbitesize: This week is #MentalHealthAwarenessWeek and the theme this year is #kindnessüë´üíõ

Now more than ever, being kind to our frie‚Ä¶",Tue May 19 08:28:41 +0000 2020,0.7506,0.192,0.808,0.0,58
58,BBC,"RT @bbcbitesize: Morning team ‚õÖÔ∏è

üì∫ Today's subjects for #BBCBitesizeDaily from 9am on BBCiPlayer and Red Button üëâ https://t.co/zZOO8l1o53‚Ä¶",Tue May 19 08:27:35 +0000 2020,0.0,0.0,1.0,0.0,59
59,BBC,"RT @BBCWomansHour: Kindness and #MentalHealthAwarenessWeek üéß ‚ñ∂ Lucy Thorpe, Head of Policy @mentalhealth on changing society for the better‚Ä¶",Tue May 19 08:27:13 +0000 2020,0.6597,0.231,0.769,0.0,60
60,BBC,"""The person that I'm bringing in today lives with anxiety.""

How a teacher surprised his class by opening up about‚Ä¶ https://t.co/Sq8N63Sivx",Tue May 19 08:01:00 +0000 2020,0.0516,0.084,0.841,0.075,61
61,BBC,"For details of organisations which offer advice and support with mental health, go online to https://t.co/rWDj404Gvz",Mon May 18 17:03:27 +0000 2020,0.4019,0.153,0.847,0.0,62
62,BBC,"Mental health issues can affect any one of us.

For a range of programmes to help start your conversation go to‚Ä¶ https://t.co/KkuxY6eRoU",Mon May 18 17:02:37 +0000 2020,0.4019,0.114,0.886,0.0,63
63,BBC,What is toxic productivity? @Dr_Julie_Smith is here to give you the lowdown on this lockdown phenomenon.‚Ä¶ https://t.co/OBIbe4btQf,Mon May 18 14:01:00 +0000 2020,-0.2023,0.0,0.899,0.101,64
64,BBC,"Cereal bar massage technician = new dream job! ü•£

#InsideTheFactory

https://t.co/55Gp0EDlvW",Mon May 18 13:27:29 +0000 2020,0.3164,0.16,0.84,0.0,65
65,BBC,"Ian Fletcher, BBC Head of Values (@hughbon), with support from the @BBCCO, gives a one-off address from his lockdow‚Ä¶ https://t.co/eRhyFpj6va",Mon May 18 13:00:01 +0000 2020,0.6597,0.231,0.769,0.0,66
66,BBC,#MentalHealth conditions often have invisible symptoms. Can VR help people express what's going on inside their hea‚Ä¶ https://t.co/dGFA6mDOSL,Mon May 18 12:01:00 +0000 2020,0.4019,0.137,0.863,0.0,67
67,BBC,@ITV @Channel4 @bbcthree @skytv @channel5_tv @davechannel @ComedyCentralUK @MTVUK @UKTV Sending virtual hugs ü§ó https://t.co/WaxCsGhWTq,Mon May 18 12:00:56 +0000 2020,0.7184,0.316,0.684,0.0,68
68,BBC,"‚ÄúYou are not alone.‚Äù

Radio stations across the UK have joined together for the #MentalHealthMinute - featuring The‚Ä¶ https://t.co/QiYPiThw1n",Mon May 18 10:07:39 +0000 2020,0.0,0.0,1.0,0.0,69
69,BBC,"‚ù§Ô∏è @mescal_paul: ""Say that you love them, listen and be joyous in their company."" 

If you're Obsessed with‚Ä¶ https://t.co/hhXUANbVbr",Mon May 18 08:01:00 +0000 2020,0.8225,0.307,0.63,0.063,70
70,BBC,"RT @bbcbitesize: Tomorrow is the start of #MentalHealthAwarenessWeek 2020 and this year it's all about #Kindness üß°

Here is your 7 day chal‚Ä¶",Mon May 18 07:58:28 +0000 2020,0.4588,0.115,0.885,0.0,71
71,BBC,"Want to get fit during lockdown? #CouchTo5K could be for you.

üèÉ‚Äç‚ôÄÔ∏èThe app will get you running 5K in nine weeks (e‚Ä¶ https://t.co/TH3etAf4fy",Mon May 18 07:53:59 +0000 2020,0.4215,0.137,0.863,0.0,72
72,BBC,"RT @bbcarts: Thank you for coming to #WoWxBBC and for your enthusiasm. We hope you leave the virtual festival inquisitive, inspired and gal‚Ä¶",Mon May 18 07:01:10 +0000 2020,0.9349,0.488,0.476,0.036,73
73,BBC,If you want to keep the #Eurovision fun going - you need to watch The A-Z of Eurovision with @rylan on @bbciplayer!‚Ä¶ https://t.co/Jk5u0826M5,Sun May 17 18:59:07 +0000 2020,0.5983,0.189,0.811,0.0,74
74,BBC,"Every #Eurovision winner of the past 25 years! Which is your favourite..? ü§î‚ú®

#Eurovision2020 

https://t.co/u2eeQL8UCx",Sun May 17 13:01:00 +0000 2020,0.75,0.299,0.701,0.0,75
75,BBC,"""The chain will always be more popular than I am."" üòÇ

@bbcthree's #NormalPeople star @mescal_paul tells @BBCR1 abou‚Ä¶ https://t.co/RYBiXdpfX2",Sun May 17 13:01:00 +0000 2020,0.7178,0.239,0.695,0.066,76
76,BBC,"There's lots more deleted #ThisCountry scene on their way from @bbcthree... 

Here's one: Kurtan shows Kerry and th‚Ä¶ https://t.co/Bw8swPdAIr",Sun May 17 10:01:00 +0000 2020,0.0,0.0,1.0,0.0,77
77,BBC,#Eurovision: Europe Shine a Light celebrates all 41 songs that would have competed in the #Eurovision2020 contest.‚Ä¶ https://t.co/7MwKNGco95,Sat May 16 18:01:00 +0000 2020,0.5719,0.179,0.821,0.0,78
78,BBC,#Eurovision2020 may not be going ahead as planned tonight - but @grahnort will give viewers the chance to vote for‚Ä¶ https://t.co/sHsYMyLJ2h,Sat May 16 16:01:00 +0000 2020,0.3612,0.111,0.889,0.0,79
79,BBC,Join HRH The Duke of Cambridge as he aims to break the stigma around men's mental health.‚Ä¶ https://t.co/HrlPnCxv1b,Sat May 16 14:00:01 +0000 2020,0.296,0.115,0.885,0.0,80
80,BBC,"What‚Äôs the point of noses? üëÉ
https://t.co/OpTlYow0AA",Sat May 16 11:01:00 +0000 2020,0.0,0.0,1.0,0.0,81
81,BBC,"How well do you know your 90s #Eurovision trivia? Take the quiz from @bbcradio2!  üï∫üé∂

üëâ https://t.co/ennQoFUY6z https://t.co/1snG9TaY0a",Sat May 16 10:01:00 +0000 2020,0.3382,0.094,0.906,0.0,82
82,BBC,RT @bbcarts: Enjoy a Saturday morning stretch and ease into the #WOWxBBC Festival with basketball player and spoken word poet @AsmaElbadawi‚Ä¶,Sat May 16 07:39:10 +0000 2020,0.836,0.331,0.669,0.0,83
83,BBC,"RT @bbceurovision: REST OF WORLD: SATURDAY

EUROPE AND AUSTRALIA: https://t.co/Tgz3Dku91B",Sat May 16 07:39:07 +0000 2020,0.0,0.0,1.0,0.0,84
84,BBC,"It's the #WOWxBBC Festival this weekend. And the line-up is incredible. 

Today @JuliaGillard on leadership,‚Ä¶ https://t.co/3PbWr0qnBF",Sat May 16 07:26:19 +0000 2020,0.4939,0.176,0.824,0.0,85
85,BBC,"It's another all-star lineup on @grahnort's sofa tonight!

‚ú®Will Ferrell
‚ú®@mermhart
‚ú®@MarkRuffalo
‚ú®@mescal_paul
‚ú®‚Ä¶ https://t.co/4oCgTIUbHd",Fri May 15 19:01:00 +0000 2020,0.0,0.0,1.0,0.0,86
86,BBC,"Brand new #LaterJools starts tonight!  üôå

Jools chats to @QueensChristine from her base in Paris, and singer-songwr‚Ä¶ https://t.co/HYGCzBJheJ",Fri May 15 18:01:00 +0000 2020,0.0,0.0,1.0,0.0,87
87,BBC,"RT @BBCLater: ""If I'm brutally honest with you, this is my favourite performance ever done on TV by any artist...""

High praise from @Queen‚Ä¶",Fri May 15 17:26:23 +0000 2020,0.4404,0.216,0.658,0.125,88
88,BBC,#HealthCheckUKLive is streaming now on @bbciplayer.    https://t.co/f7VedVNpQK,Fri May 15 17:24:43 +0000 2020,0.0,0.0,1.0,0.0,89
89,BBC,"With gyms closed, and heavy items like dumbbells difficult to get delivered - @russell_kane has a great tip for kee‚Ä¶ https://t.co/0xy6teCxa4",Fri May 15 17:24:03 +0000 2020,0.5994,0.242,0.623,0.136,90
90,BBC,RT @BBCTheOneShow: .@normalpeoplebbc's @daisyedgarjones and @mescal_paul will be on the show on Monday and we want to ask them your Normal‚Ä¶,Fri May 15 14:56:41 +0000 2020,0.0772,0.061,0.939,0.0,91
91,BBC,"RT @HackerTDog: Do you miss Iain and Hacker? Well, we were reunited for one night only cockers. See the whole shambolic film here:
https://‚Ä¶",Fri May 15 14:07:12 +0000 2020,0.128,0.082,0.856,0.062,92
92,BBC,"It may seem simple, but there are important things to remember about safely putting on and taking off a face coveri‚Ä¶ https://t.co/F4oYPNBA15",Fri May 15 11:01:00 +0000 2020,0.7579,0.245,0.755,0.0,93
93,BBC,"Serena and Richard are St John Ambulance volunteers, helping manage the crisis.‚Ä¶ https://t.co/7blhshCOoI",Fri May 15 08:01:00 +0000 2020,0.296,0.155,0.845,0.0,94
94,BBC,"For everyone whose life has changed. For everyone who misses a loved one.

You got the love. You got this.‚Ä¶ https://t.co/t8zgf8PCFX",Thu May 14 20:04:26 +0000 2020,0.802,0.289,0.643,0.068,95
95,BBC,"The brand new one-off special Wipe from @charltonbrooker is nearly here...

Charlie Brooker's #AntiviralWipe | 9pm‚Ä¶ https://t.co/vCbTKrC3sf",Thu May 14 19:01:00 +0000 2020,0.4019,0.144,0.856,0.0,96
96,BBC,It took a group of volunteers 45 minutes to rescue a wild horse stuck in a deep mud hole in the foothills of Albert‚Ä¶ https://t.co/m3dv9Ah7ez,Thu May 14 16:01:00 +0000 2020,0.3182,0.117,0.813,0.071,97
97,BBC,"RT @BBCNewsbeat: The #Eurovision acts have recorded this message to fans who would normally be watching this week.
 
It's part of our new d‚Ä¶",Thu May 14 15:00:23 +0000 2020,0.0,0.0,1.0,0.0,98
98,BBC,"The face of someone about to VERY seriously judge a dessert... üßêü§î

@BBCR1 presenter and children's author‚Ä¶ https://t.co/jTdnnf8LLn",Thu May 14 13:01:00 +0000 2020,-0.4071,0.0,0.885,0.115,99
99,BBC,Two of the nation‚Äôs favourite film critics @KermodeMovie and @simonmayo are turning their critical attention from c‚Ä¶ https://t.co/OZvCrUJo0w,Thu May 14 11:01:00 +0000 2020,-0.5423,0.0,0.78,0.22,100
100,CBS,"RT @CBSEveningNews: ON THE ROAD: Since Memorial Day parades and gatherings are cancelled, @SteveHartmanCBS has a patriotic request: he‚Äôs ca‚Ä¶",Sat May 23 00:13:01 +0000 2020,-0.25,0.0,0.905,0.095,1
101,CBS,Set sail with a classic this holiday weekend when #CBSMovieNight airs Titanic this Sunday at 7pm/6c on CBS and‚Ä¶ https://t.co/IdwJTHWHSJ,Fri May 22 23:00:00 +0000 2020,0.481,0.141,0.859,0.0,2
102,CBS,Don't miss @EBraeden and more in #CBSMovieNight's presentation of Titanic this Sunday at 7/6c on CBS. https://t.co/sIpf7M2WnR,Fri May 22 22:14:52 +0000 2020,0.1139,0.083,0.917,0.0,3
103,CBS,"In one week, you can turn DIY hairDON‚ÄôTs into hairDO‚Äôs with Haircut Night in America hosted by @RebeccaRomijn and‚Ä¶ https://t.co/E48fmRaQl4",Fri May 22 22:06:06 +0000 2020,0.0,0.0,1.0,0.0,4
104,CBS,"Let‚Äôs see your lip sync skills in action. Your favorite moments from #CBSMovieNight, like this Sunday's Titanic, ar‚Ä¶ https://t.co/LCtejpU0Tv",Fri May 22 21:29:51 +0000 2020,0.6705,0.244,0.756,0.0,5
105,CBS,"RT @CBSAllAccess: Weekend plans are set:
‚úÖ Dive into an action-packed @SWATCBS
‚úÖ Catch up with @TheGoodFight's Christine Baranski on the @c‚Ä¶",Fri May 22 21:13:27 +0000 2020,0.0,0.0,1.0,0.0,6
106,CBS,"Can Javier demonstrate his soccer skills? Well, if you insist. @Broke https://t.co/irknCnCdWw",Fri May 22 20:24:19 +0000 2020,-0.1779,0.141,0.671,0.188,7
107,CBS,RT @johnkrasinski: Wow who can believe when we started this thing together we all just wanted good news to be more fully represented in our‚Ä¶,Fri May 22 19:36:10 +0000 2020,0.7717,0.226,0.774,0.0,8
108,CBS,"RT @CBSNews: ""On @johnkrasinski‚Äôs very first episode of @somegoodnews, he asked why has there never been a news show dedicated entirely to‚Ä¶",Fri May 22 19:35:55 +0000 2020,0.4588,0.125,0.875,0.0,9
109,CBS,RT @ALOTO: üá∫üá∏ The brand new series of Game On! premieres on @CBS in the US on 27th May. The series is based on A League of their Own and is‚Ä¶,Fri May 22 18:43:48 +0000 2020,0.0,0.0,1.0,0.0,10
110,CBS,RT @ViacomCBS: This week‚Äôs @CBS Sunday Movie Night feature is @TitanicMovie. How is this @TheAcademy winner connected to another @Paramount‚Ä¶,Fri May 22 17:46:46 +0000 2020,0.5859,0.167,0.833,0.0,11
111,CBS,"Watch the @gameon premiere Wednesday, May 27 at 8/7c on CBS and @CBSAllAccess. https://t.co/rp86h4uq4P",Fri May 22 17:31:01 +0000 2020,0.0,0.0,1.0,0.0,12
112,CBS,"RT @TheTalkCBS: .@CBS continues CBS Sunday night at the movies with the beloved film ‚ÄúTitanic,‚Äù which debuted in theaters two decades ago b‚Ä¶",Fri May 22 17:19:46 +0000 2020,0.5106,0.13,0.87,0.0,13
113,CBS,"RT @MATTHEWHOFFMAN1: Tonight would have been the launch of @loveislandusa Season 2. I cannot wait to return to that padded, windowless room‚Ä¶",Fri May 22 00:34:02 +0000 2020,0.0,0.0,1.0,0.0,14
114,CBS,"RT @CBSInnovationTV: üéâ #InnovationNation is nominated for THREE @DaytimeEmmys!

We can't contain our excitement &amp; want to send a huge THANK‚Ä¶",Thu May 21 23:34:19 +0000 2020,0.4523,0.242,0.661,0.097,15
115,CBS,"RT @latelateshow: On tonight's show, @RobGronkowski reveals the phone call with @tombrady that convinced him to return to the NFL üëÄ

Plus @‚Ä¶",Thu May 21 23:33:17 +0000 2020,0.4019,0.109,0.891,0.0,16
116,CBS,RT @RealRonHoward: If you haven‚Äôt watched @68Whiskey yet - this should be your next series binge! @CBSAllAccess https://t.co/lB6TPbZr5W,Thu May 21 23:27:28 +0000 2020,0.0,0.0,1.0,0.0,17
117,CBS,RT @broke: And we're LIVE! Join us on the @CBS Facebook right now for #JaimesHappyHour with @JaimeCamil and @IanKarmel from @latelateshow a‚Ä¶,Thu May 21 22:03:25 +0000 2020,-0.2244,0.087,0.791,0.122,18
118,CBS,"RT @Venuseswilliams: What have I gotten myself into?! Check out the @GameOn premiere next week on @CBS!¬†¬†üëÄ@RobGronkowski, @KeeganMKey, @Bob‚Ä¶",Thu May 21 21:41:12 +0000 2020,0.0,0.0,1.0,0.0,19
119,CBS,"Stay cool this summer with these summer essentials from the CBS Store. Shop water bottles, tanks, and more now:‚Ä¶ https://t.co/IJGW2WKDQO",Thu May 21 21:16:30 +0000 2020,0.3182,0.108,0.892,0.0,20
120,CBS,RT @joshgroban: I‚Äôll be on @CBSSunday this Sunday morning and doing a Facebook Live chat right after. I love this show and I‚Äôm so happy to‚Ä¶,Thu May 21 19:09:57 +0000 2020,0.8733,0.271,0.729,0.0,21
121,CBS,"RT @letsmakeadeal: Wow, congrats @WayneBrady! üòç https://t.co/23XI16Wjyv",Thu May 21 19:01:53 +0000 2020,0.8883,0.6,0.4,0.0,22
122,CBS,RT @BandB_CBS: Congratulations are in order for the #BoldandBeautiful nominees! üí´ Let's give these stars some love for their #DaytimeEmmy n‚Ä¶,Thu May 21 19:01:16 +0000 2020,0.8172,0.297,0.636,0.067,23
123,CBS,RT @PriceIsRight: Thank you for the nomination! ü§óüôè https://t.co/7wzVmph9NC,Thu May 21 19:01:07 +0000 2020,0.68,0.359,0.641,0.0,24
124,CBS,RT @YandR_CBS: Please join us in congratulating these outstanding #YR #DaytimeEmmy nominees! üèÜ Don't miss their big night June 26th only on‚Ä¶,Thu May 21 18:59:16 +0000 2020,0.8495,0.363,0.637,0.0,25
125,CBS,"RT @TheTalkCBS: Join us in congratulating THE TALK hosts and hard-working crew of @thetalkcbs on 6 @DaytimeEmmys nominations, including OUT‚Ä¶",Thu May 21 18:58:56 +0000 2020,0.296,0.104,0.896,0.0,26
126,CBS,CBS leads the #DaytimeEmmyAward nominations with 70. Don‚Äôt miss the 47th ANNUAL DAYTIME EMMY¬Æ AWARDS when it return‚Ä¶ https://t.co/Vn1r7YbPHN,Thu May 21 18:56:56 +0000 2020,0.4824,0.16,0.771,0.069,27
127,CBS,"@MrJerryOC @CBSAllAccess @RebeccaRomijn @PKSubban1 @lindseyvonn @KellyOsbourne We believe in you, Jerry. Also we re‚Ä¶ https://t.co/9rWEtYLe39",Thu May 21 18:02:17 +0000 2020,0.0,0.0,1.0,0.0,28
128,CBS,RT @MrJerryOC: HAIRCUT NIGHT IN AMERICA 10/29 @CBS @CBSAllAccess Really hope I don't burn @RebeccaRomijn hair off. @PKSubban1 @lindseyvonn‚Ä¶,Thu May 21 17:56:58 +0000 2020,0.4927,0.151,0.849,0.0,29
129,CBS,".@MrJerryOC &amp; @RebeccaRomijn host HAIRCUT NIGHT IN AMERICA, featuring America‚Äôs top hair stylists in an at-home DIY‚Ä¶ https://t.co/QqLsEFwaZh",Thu May 21 17:06:50 +0000 2020,0.2023,0.096,0.904,0.0,30
130,CBS,‚úã https://t.co/SAa4W8JuVS,Thu May 21 00:03:38 +0000 2020,0.4939,0.615,0.385,0.0,31
131,CBS,RT @NorahODonnell: A note about broadcasting in the era of COVID-19 https://t.co/oiYGv40JfS,Wed May 20 23:55:32 +0000 2020,0.0,0.0,1.0,0.0,32
132,CBS,"We have a TV manifest posted for your weekend viewing pleasure. Join us for Titanic on #CBSMovieNight, which sets s‚Ä¶ https://t.co/DYyqXFhgg5",Wed May 20 23:28:57 +0000 2020,0.7096,0.237,0.763,0.0,33
133,CBS,"RT @CBSAllAccess: The Stand is coming. Get your first look at @WhoopiGoldberg as Mother Abigail, Alexander Skarsg√•rd as Randall Flagg, and‚Ä¶",Wed May 20 21:54:45 +0000 2020,0.0,0.0,1.0,0.0,34
134,CBS,RT @swatcbs: It's all good. Stream #SWAT tonight at 10/9c on @CBS and @CBSAllAccess: https://t.co/ANyt4qWHHf https://t.co/kVC92p7CjT,Wed May 20 21:18:09 +0000 2020,0.4404,0.162,0.838,0.0,35
135,CBS,RT @BandB_CBS: The next two years just got even more #BoldandBeautiful! üíô B&amp;B has officially been renewed for two more seasons. Learn more‚Ä¶,Wed May 20 20:38:30 +0000 2020,0.0,0.0,1.0,0.0,36
136,CBS,Watching Titanic on #CBSMovieNight with your own Jack or Rose from afar this weekend? Feel like KING OF THE WORLD w‚Ä¶ https://t.co/lodYy2MQUs,Wed May 20 20:22:21 +0000 2020,0.3612,0.106,0.894,0.0,37
137,CBS,"RT @THR: After streaming online the past four years, the Daytime Emmys will air on CBS this June https://t.co/fyPW7WutcC",Wed May 20 18:55:21 +0000 2020,0.0,0.0,1.0,0.0,38
138,CBS,"RT @Variety: CBS to Air Daytime Emmys, Which Returns to TV for the First Time in Five¬†Years https://t.co/OyMqqvHCG5",Wed May 20 18:54:34 +0000 2020,0.0,0.0,1.0,0.0,39
139,CBS,RT @TVLine: 2020 #DaytimeEmmys to Air on CBS in June; Winners and Guests Will Appear Remotely https://t.co/WViG7EI7t7,Wed May 20 18:53:17 +0000 2020,0.4767,0.162,0.838,0.0,40
140,CBS,RT @DEADLINE: Daytime Emmys To Air Live Virtual Ceremony On CBS In June; Nominations Coming Thursday https://t.co/Wz1GdJhdhI https://t.co/r‚Ä¶,Wed May 20 18:53:08 +0000 2020,0.0,0.0,1.0,0.0,41
141,CBS,RT @EW: CBS is bringing back the Daytime Emmys to broadcast TV https://t.co/r30Ziw6Tvn,Wed May 20 18:52:42 +0000 2020,0.0,0.0,1.0,0.0,42
142,CBS,"Big announcement on @TheTalkCBS today: The 47th ANNUAL DAYTIME EMMY¬Æ AWARDS will return to CBS Friday, June 26 at 8‚Ä¶ https://t.co/gPmy1Gi0Rb",Wed May 20 18:30:35 +0000 2020,0.5766,0.151,0.849,0.0,43
143,CBS,Celebrate #AsianPacificAmericanHeritageMonth with @NCISLA's @DanielaRuah and CBS. https://t.co/Wu5JFKLcWN,Wed May 20 17:03:13 +0000 2020,0.5719,0.346,0.654,0.0,44
144,CBS,"RT @CBSThisMorning: One year ago today, @GayleKing, @AnthonyMasonCBS and @TonyDokoupil started anchoring together on @CBSThisMorning!  

@V‚Ä¶",Wed May 20 13:35:21 +0000 2020,0.0,0.0,1.0,0.0,45
145,CBS,RT @TheUnicornCBS: Anybody catch @Jeopardy tonight? üëÄ https://t.co/SsiHX1n2J0,Wed May 20 13:32:38 +0000 2020,-0.4767,0.0,0.693,0.307,46
146,CBS,Let us help you make plans for later this year with the  2020-2021 CBS Primetime Schedule. https://t.co/hvQ3WEaevR https://t.co/4LqNExzIiX,Tue May 19 23:32:03 +0000 2020,0.4019,0.137,0.863,0.0,47
147,CBS,RT @IAMQUEENLATIFAH: I am so excited to be joining the @cbs family as The Equalizer! Coming to your screens Sundays at 8pm this Fall! #TheE‚Ä¶,Tue May 19 23:21:22 +0000 2020,0.5719,0.134,0.866,0.0,48
148,CBS,"RT @gameon: Elite athletes. Epic challenges. #GameOn premieres Wednesday, May 27 at 8/7c on CBS! https://t.co/j9K1BntSe3",Tue May 19 22:25:51 +0000 2020,0.1511,0.096,0.904,0.0,49
149,CBS,RT @CBSAllAccess: A fresh show has just hit CBS All Access. Every episode of the military drama 68 Whiskey is ready to binge! #68WhiskeyTV‚Ä¶,Tue May 19 21:24:45 +0000 2020,0.6239,0.188,0.812,0.0,50
150,CBS,RT @hicusick: Back in the fall!!! @macgyvercbs https://t.co/1iKgk8qQgm,Tue May 19 21:22:58 +0000 2020,0.0,0.0,1.0,0.0,51
151,CBS,RT @TVGuide: Here's @CBS's Fall 2020 tv schedule https://t.co/YReZdRvytW https://t.co/N6dvcNdlkc,Tue May 19 21:22:50 +0000 2020,0.0,0.0,1.0,0.0,52
152,CBS,RT @Cudlitz: #Clarice is coming to @cbs. Could not be more proud of this talented group. @Alex_Kurtzman #jennylemut @BecEBreeds @kalpenn #n‚Ä¶,Tue May 19 21:22:34 +0000 2020,0.1354,0.132,0.758,0.111,53
153,CBS,"Acclaimed Executive Producers @Alex_Kurtzman and Jenny Lumet talk about their new drama #Clarice, coming soon to CB‚Ä¶ https://t.co/BMEBRizKOg",Tue May 19 19:25:24 +0000 2020,0.0,0.0,1.0,0.0,54
154,CBS,"Before #TheEqualizer joins the New 2020-2021 CBS Primetime Schedule, Executive Producer and Star @QueenLatifah and‚Ä¶ https://t.co/2zZH1GMzJY",Tue May 19 19:24:12 +0000 2020,0.0,0.0,1.0,0.0,55
155,CBS,"From Executive Producers Chuck Lorre and Marco Pennette comes #BPositive, a new CBS comedy about getting a life. https://t.co/6hzgboonZT",Tue May 19 19:20:33 +0000 2020,0.3612,0.122,0.878,0.0,56
156,CBS,We're so excited to share the New 2020-2021 CBS Primetime Schedule with you. For more information about the new lin‚Ä¶ https://t.co/6QD5FgFHrg,Tue May 19 19:19:00 +0000 2020,0.6318,0.213,0.787,0.0,57
157,CBS,RT @thegoodfight: Psst... Hey! Have a friend who still hasn't seen #TheGoodFight? Now's the time to change that with a one month free trial‚Ä¶,Tue May 19 18:04:08 +0000 2020,0.7777,0.236,0.764,0.0,58
158,CBS,RT @TheTalkCBS: The hosts play a quarantine ‚ÄúQuickie Deals‚Äù version of @letsmakeadeal with @WayneBrady and Jonathan Mangum (@Mangum1) and d‚Ä¶,Mon May 18 23:55:17 +0000 2020,0.34,0.112,0.888,0.0,59
159,CBS,"Near, far, wherever you are, #CBSMovieNight has Titanic this week. We set sail this Sunday at 7pm/6c on CBS and‚Ä¶ https://t.co/dREVRylekC",Mon May 18 23:26:20 +0000 2020,0.0,0.0,1.0,0.0,60
160,CBS,"RT @broke: On this week's new #JaimesHappyHour, #Broke's @JaimeCamil welcomes the hilarious @IanKarmel from the new CBS show @GameOn and Th‚Ä¶",Mon May 18 21:31:17 +0000 2020,0.3818,0.206,0.687,0.107,61
161,CBS,"As we continue to experience these strange times, remember to stay connected. #AloneTogether https://t.co/49hz15cO3k",Mon May 18 20:24:16 +0000 2020,-0.2023,0.0,0.878,0.122,62
162,CBS,"Thanks for watching #MissionImpossible with us. Tune in Sunday, May 24 at 7/6c for next week's #CBSMovieNight, Tita‚Ä¶ https://t.co/osqY9RXH1s",Mon May 18 02:30:07 +0000 2020,0.4404,0.139,0.861,0.0,63
163,CBS,"Same, after watching all that action. #CBSMovieNight https://t.co/tR8HSjj8hj",Mon May 18 02:29:48 +0000 2020,0.0,0.0,1.0,0.0,64
164,CBS,It's the conductor's last day before retirement. He doesn't have time for this. #CBSMovieNight https://t.co/Wtp9kNz3pN,Mon May 18 02:25:21 +0000 2020,0.0,0.0,1.0,0.0,65
165,CBS,We love an old-timey chunnel pursuit sequence. What's your favorite stunt from the #MissionImpossible movies?‚Ä¶ https://t.co/xWVTWHQWFT,Mon May 18 02:24:23 +0000 2020,0.802,0.34,0.66,0.0,66
166,CBS,"How we remember our commute

#CBSMovieNight https://t.co/68aYfEZWKx",Mon May 18 02:22:40 +0000 2020,0.0,0.0,1.0,0.0,67
167,CBS,@JohnGumm @Bob_Herzog @Local12 @dopplertim @TomCruise There's still time. https://t.co/5CBa38hzbR,Mon May 18 02:07:30 +0000 2020,0.0,0.0,1.0,0.0,68
168,CBS,"@TeamRickandIlsa Especially the tall, bearded Russian guy in the beginning of the movie! üòâ #CBSMovieNight",Mon May 18 02:05:47 +0000 2020,0.0,0.0,1.0,0.0,69
169,CBS,@ReparSandra We're in for the long haul! Just wait until Titanic next week.  üòä #CBSMovieNight https://t.co/CGB12ljHsk,Mon May 18 02:04:50 +0000 2020,0.7424,0.259,0.741,0.0,70
170,CBS,"Inspired by another classic, THAT scene is even more iconic than you may have thought. #CBSMovieNight https://t.co/omQnD2D4Is",Mon May 18 02:00:00 +0000 2020,0.4939,0.167,0.833,0.0,71
171,CBS,@CathyWanza We remember (but we're like 90). üòâ https://t.co/RwBgd4LnPe,Mon May 18 01:59:24 +0000 2020,0.5023,0.265,0.735,0.0,72
172,CBS,@MrPEC_Tacular https://t.co/F0WOmcacKQ,Mon May 18 01:50:11 +0000 2020,0.0,0.0,1.0,0.0,73
173,CBS,"When you discover you're out of hand sanitizer 

#CBSMovieNight https://t.co/FUX8jo5HCJ",Mon May 18 01:38:38 +0000 2020,0.4939,0.262,0.738,0.0,74
174,CBS,"Does anyone have this level of core strength at this point of the quarantine? OK, probably @TomCruise.‚Ä¶ https://t.co/SPsnWXT2Mw",Mon May 18 01:37:18 +0000 2020,0.4939,0.158,0.842,0.0,75
175,CBS,"To be honest, didn't we all have this look of anxiety when working on computers in 1996? #CBSMovieNight https://t.co/yIPO3tL22I",Mon May 18 01:35:41 +0000 2020,0.3818,0.15,0.773,0.077,76
176,CBS,It's weird to think that this is how we used to read email. #CBSMovieNight https://t.co/nz4CzzhGAu,Mon May 18 01:35:13 +0000 2020,-0.1779,0.0,0.892,0.108,77
177,CBS,"Ethan's really cruising.

Oh, we see what we did there. #CBSMovieNight https://t.co/i89gn4sJud",Mon May 18 01:22:49 +0000 2020,0.0,0.0,1.0,0.0,78
178,CBS,Pssh. Of course the answer is that Tom Cruise does his own stunts. üôÉ https://t.co/TfqO1dYXiX,Mon May 18 01:21:19 +0000 2020,0.0,0.0,1.0,0.0,79
179,CBS,What we say when we encounter two doctors. (We'll see ourselves out.) #CBSMovieNight https://t.co/3w4ybsfFHh,Mon May 18 01:02:10 +0000 2020,0.0,0.0,1.0,0.0,80
180,CBS,Who was Tom Cruise‚Äôs Stunt Double in #MissionImpossible? #CBSMovieNight,Mon May 18 01:00:18 +0000 2020,0.0,0.0,1.0,0.0,81
181,CBS,"Remember when we had to type ""INTERNET ACCESS"" to log on to the internet? Neither do we. #CBSMovieNight https://t.co/qv9Z4bbKsw",Mon May 18 00:49:56 +0000 2020,0.0,0.0,1.0,0.0,82
182,CBS,#TFW when you forget why you walked in this room. #CBSMovieNight https://t.co/kAEBGTWgQj,Mon May 18 00:47:35 +0000 2020,-0.2263,0.0,0.853,0.147,83
183,CBS,"In the end, the aquarium restaurant tanked.

See @TomCruise talk to @etnow back in 1996 about the making of the res‚Ä¶ https://t.co/sC1Jch3raa",Mon May 18 00:38:31 +0000 2020,0.0,0.0,1.0,0.0,84
184,CBS,"Logging into your tenth Zoom meeting of the day

#CBSMovieNight https://t.co/c7MJHMQiSX",Mon May 18 00:36:56 +0000 2020,0.0,0.0,1.0,0.0,85
185,CBS,The correct answer was Job 314. https://t.co/ww4IP4Uc8L,Mon May 18 00:35:35 +0000 2020,0.0,0.0,1.0,0.0,86
186,CBS,We bet today's spies dress more business casual. #CBSMovieNight https://t.co/H058l9jEsU,Mon May 18 00:30:11 +0000 2020,0.2682,0.188,0.812,0.0,87
187,CBS,An all-time action film with a more stealthy take on the star of the show. #CBSMovieNight https://t.co/usLr0kv5t6,Mon May 18 00:30:00 +0000 2020,-0.101,0.0,0.92,0.08,88
188,CBS,"@frid_barnabas Yeah, it is. üòä https://t.co/r9oxrfjTo6",Mon May 18 00:24:17 +0000 2020,0.802,0.539,0.461,0.0,89
189,CBS,"RT @CBSAllAccess: Your mission, should you choose to accept it: join us to watch #MissionImpossible on @CBS and #CBSAllAccess LIVE! #CBSMov‚Ä¶",Mon May 18 00:23:16 +0000 2020,0.6239,0.211,0.789,0.0,90
190,CBS,Ethan Hunt figures out the connection between a Bible verse and a hidden identity. What was the code name? #CBSMovieNight,Mon May 18 00:15:28 +0000 2020,0.0,0.0,1.0,0.0,91
191,CBS,"Trying to determine which show you're going to binge next like

#CBSMovieNight https://t.co/ntVcicJdpz",Mon May 18 00:13:45 +0000 2020,0.3612,0.172,0.828,0.0,92
192,CBS,"Stop trying to make ""Hasta lasagna, don't get any on ya"" happen, Jack. #CBSMovieNight https://t.co/3keX7hBadd",Mon May 18 00:11:55 +0000 2020,-0.296,0.0,0.864,0.136,93
193,CBS,Mission: Adorable. And Deadly #CBSMovieNight https://t.co/i2cFUROtjD,Mon May 18 00:09:26 +0000 2020,0.4939,0.39,0.61,0.0,94
194,CBS,"""We need to talk"" is a look. #CBSMovieNight https://t.co/Px2ToxbaXe",Mon May 18 00:08:50 +0000 2020,0.0,0.0,1.0,0.0,95
195,CBS,This advice is what makes us such an effective spy while sheltering in place. #CBSMovieNight https://t.co/IVTcXsgriu,Mon May 18 00:08:14 +0000 2020,0.4767,0.171,0.829,0.0,96
196,CBS,"When you listen to the #MissionImpossible theme song, but like, *really* listen to it.

Did you know this movie's v‚Ä¶ https://t.co/ssL56uTCUS",Mon May 18 00:06:27 +0000 2020,0.5023,0.14,0.86,0.0,97
197,CBS,"A special Tom Cruise Easter Egg hidden, with a call back to another one of his most famous roles. #CBSMovieNight https://t.co/sr5s5YicNc",Mon May 18 00:05:00 +0000 2020,0.4019,0.119,0.881,0.0,98
198,CBS,"Come on, everybody. Sing along! You know the words: Dun dun DUN dun, DUN dun dun dun. #CBSMovieNight https://t.co/BTWI1uhBk5",Mon May 18 00:04:24 +0000 2020,0.0,0.0,1.0,0.0,99
199,CBS,Cheers to another great #CBSMovieNight! https://t.co/iUrQXo9whK,Mon May 18 00:03:53 +0000 2020,0.8172,0.652,0.348,0.0,100
200,CNN,A Trump administration official wrote in a strongly worded letter to Los Angeles officials that he was concerned th‚Ä¶ https://t.co/t3O1IwGDjC,Sat May 23 03:18:30 +0000 2020,0.2732,0.1,0.9,0.0,1
201,CNN,"Wilson Roosevelt Jerman, a former White House butler who worked under 11 US Presidents, has died after contracting‚Ä¶ https://t.co/LGkr2e2JjI",Sat May 23 03:01:03 +0000 2020,-0.5574,0.0,0.833,0.167,2
202,CNN,"The company has been renting cars since 1918, when it set up shop with a dozen Ford Model Ts, and has survived the‚Ä¶ https://t.co/8WnY6PzEyj",Sat May 23 02:49:00 +0000 2020,0.5106,0.125,0.875,0.0,3
203,CNN,"Hertz has filed for bankruptcy.

The rental-car giant ‚Äî which also operates the Dollar, Thrifty and Firefly brands‚Ä¶ https://t.co/DuFrTKQror",Sat May 23 02:47:28 +0000 2020,0.0,0.0,1.0,0.0,4
204,CNN,"Prosecutors in Kentucky have filed a motion to drop attempted murder and assault charges against Kenneth Walker, th‚Ä¶ https://t.co/7eAhpLEXRi",Sat May 23 02:38:49 +0000 2020,-0.9136,0.0,0.542,0.458,5
205,CNN,Basketball Hall of Famer and Georgetown men's basketball coach Patrick Ewing said he has tested positive for the no‚Ä¶ https://t.co/L2PPScnE0S,Sat May 23 02:28:58 +0000 2020,0.5574,0.159,0.841,0.0,6
206,CNN,"RT @CuomoPrimeTime: Despite having no authority, Trump deems places of worship ‚Äúessential.‚Äù

@ChrisCuomo: ‚Äú[He] knows he does not have the‚Ä¶",Sat May 23 02:26:32 +0000 2020,0.3322,0.157,0.843,0.0,7
207,CNN,"""The danger is certainly very much out there,"" says Ohio Gov. Mike DeWine about going to places of worship during t‚Ä¶ https://t.co/USyPwNziDs",Sat May 23 02:25:43 +0000 2020,0.0516,0.17,0.704,0.126,8
208,CNN,"Sportscaster Bob Costas says ""The Last Dance"" would have been ""highly-rated under any circumstances, but ... with n‚Ä¶ https://t.co/P72WTuNrQk",Sat May 23 02:24:56 +0000 2020,0.0,0.0,1.0,0.0,9
209,CNN,Former Obama White House adviser John Holdren says the national supply stockpile is not equipped to handle a second‚Ä¶ https://t.co/UxEutSjaHj,Sat May 23 02:22:37 +0000 2020,0.0,0.0,1.0,0.0,10
210,CNN,"Queens, NY Assemblyman @rontkim reacts to reports that coronavirus patients were sent to nursing homes in New York.‚Ä¶ https://t.co/VRabHlwHbz",Sat May 23 02:21:13 +0000 2020,0.0,0.0,1.0,0.0,11
211,CNN,"Researchers in China reported results from one of the first Covid-19 vaccine trials, but experts who spoke to CNN w‚Ä¶ https://t.co/4Xzaj1UtWt",Sat May 23 02:16:12 +0000 2020,0.0,0.0,1.0,0.0,12
212,CNN,"""It's not about Trump. It's about who is going to present the best deal for black people. ... I vote my interests,‚Ä¶ https://t.co/N6gjo1LvwH",Sat May 23 02:09:59 +0000 2020,0.6369,0.16,0.84,0.0,13
213,CNN,The US Centers for Disease Control and Prevention acknowledged that it had mixed together results from viral and an‚Ä¶ https://t.co/mlOPpjdGDE,Sat May 23 02:00:18 +0000 2020,0.0,0.0,1.0,0.0,14
214,CNN,"Religious institutions should provide soap and hand sanitizer, encourage the use of cloth masks and clean their fac‚Ä¶ https://t.co/OsV5wcvEuI",Sat May 23 01:47:41 +0000 2020,0.8481,0.365,0.635,0.0,15
215,CNN,Michigan Gov. Gretchen Whitmer today signed a new executive order that extends the state's safer-at-home order to J‚Ä¶ https://t.co/2DsJPBpw88,Sat May 23 01:37:22 +0000 2020,0.128,0.077,0.923,0.0,16
216,CNN,The head of the DOJ‚Äôs civil rights division wrote in a strongly-worded letter to LA officials that he was concerned‚Ä¶ https://t.co/REoen97E8l,Sat May 23 01:27:08 +0000 2020,0.0,0.0,1.0,0.0,17
217,CNN,The Trump administration is attempting to galvanize international anger at China's repressive Hong Kong human right‚Ä¶ https://t.co/6522hDU6z0,Sat May 23 01:13:31 +0000 2020,-0.7269,0.0,0.711,0.289,18
218,CNN,Whether due to political pressure ‚Äî a charge Dr. Stephen Hahn denies ‚Äî or the natural burden of dealing with a glob‚Ä¶ https://t.co/Z3NP8Krj85,Sat May 23 01:00:57 +0000 2020,-0.6597,0.085,0.646,0.269,19
219,CNN,When do you think this pandemic began? Join @FareedZakaria to learn what he discovered. CNN Special Report ‚Äì China‚Äô‚Ä¶ https://t.co/CkvL9z3oJb,Sat May 23 01:00:12 +0000 2020,0.5994,0.214,0.786,0.0,20
220,CNN,Duke University President Vincent Price says he is looking at altering the fall semester schedule for in-person ins‚Ä¶ https://t.co/C8DHgHHKL8,Sat May 23 00:51:00 +0000 2020,0.0,0.0,1.0,0.0,21
221,CNN,"Here are business stories you need to read today.

ü•© The cost of beef right now is up 12% from last year

üè† With ho‚Ä¶ https://t.co/ooWItavbYa",Sat May 23 00:48:05 +0000 2020,-0.2732,0.0,0.928,0.072,22
222,CNN,Rapper Quavo of the trio Migos announced on Instagram that he's joining other graduating seniors in the class of 20‚Ä¶ https://t.co/T5av3HHmOd,Sat May 23 00:43:16 +0000 2020,0.0,0.0,1.0,0.0,23
223,CNN,"‚ÄúWe think we‚Äôre going to hit the milestone of 100,000 deaths over the four-day weekend,‚Äù says Dr. Chris Murray, res‚Ä¶ https://t.co/5NPf4OQdL8",Sat May 23 00:41:00 +0000 2020,0.0,0.0,1.0,0.0,24
224,CNN,"The SEC will allow voluntary in-person athletic activities to resume on campuses beginning June 8, the college spor‚Ä¶ https://t.co/J6kd6XstUG",Sat May 23 00:30:28 +0000 2020,0.2263,0.095,0.905,0.0,25
225,CNN,Daytona Beach Mayor Derrick Henry says he‚Äôs ‚Äúconcerned about a spike‚Äù in Covid-19 cases as his city braces for crow‚Ä¶ https://t.co/mVdChilFFq,Sat May 23 00:28:59 +0000 2020,0.0,0.0,1.0,0.0,26
226,CNN,Public health officials in an Ohio's most populous county are apologizing for telling African Americans and communi‚Ä¶ https://t.co/A3d0phi2Oh,Sat May 23 00:20:34 +0000 2020,-0.0772,0.0,0.929,0.071,27
227,CNN,"Africa has reported more than 100,000 cases of the novel coronavirus, with the virus spreading to every country on‚Ä¶ https://t.co/F9TomQswGF",Sat May 23 00:06:41 +0000 2020,0.3182,0.108,0.892,0.0,28
228,CNN,"‚ÄúI want to share that I have tested positive for COVID-19. This virus is serious and should not be taken lightly.""‚Ä¶ https://t.co/WpfmMFJeUw",Fri May 22 23:55:51 +0000 2020,0.7003,0.269,0.682,0.049,29
229,CNN,"Nevada Gov. Steve Sisolak says he's hoping to allow casinos to reopen on June 4.

The governor announced that the s‚Ä¶ https://t.co/MOLJwUTirT",Fri May 22 23:49:33 +0000 2020,0.5719,0.19,0.81,0.0,30
230,CNN,Researchers have finally published the data that led the federal government to recommend the use of the antiviral d‚Ä¶ https://t.co/YH6WckWocj,Fri May 22 23:39:54 +0000 2020,0.3612,0.116,0.884,0.0,31
231,CNN,"A small study of 16 pregnant women who tested positive for Covid-19 found evidence of injury to the placenta, the o‚Ä¶ https://t.co/7X3LBMHPVU",Fri May 22 23:22:38 +0000 2020,0.2023,0.136,0.758,0.106,32
232,CNN,"A new social media campaign is encouraging Americans to ""take out hate"" and order takeout from local Asian restaura‚Ä¶ https://t.co/UczyF7TnVM",Fri May 22 23:06:56 +0000 2020,-0.0772,0.135,0.717,0.147,33
233,CNN,"We want to help you discover your lost WWII family history. To commemorate the 75th anniversary of the end of WWII,‚Ä¶ https://t.co/DMoqxL2VG7",Fri May 22 23:06:00 +0000 2020,0.1779,0.158,0.751,0.091,34
234,CNN,This family got a rare surprise when their pregnant cat gave birth: a kitty with two faces https://t.co/XTN8V0gSLF https://t.co/UhiS7M8WRn,Fri May 22 22:49:25 +0000 2020,0.2732,0.104,0.896,0.0,35
235,CNN,Universal Orlando plans to reopen to the public on June 5 https://t.co/ooK2G0YidC,Fri May 22 22:34:03 +0000 2020,0.0,0.0,1.0,0.0,36
236,CNN,"Baltimore's mayor is urging President Trump to rethink his visit to the city on Memorial Day, arguing that the visi‚Ä¶ https://t.co/39jbSdl4W7",Fri May 22 22:01:06 +0000 2020,-0.4588,0.0,0.87,0.13,37
237,CNN,Seriously ill Covid-19 patients who were treated with hydroxychloroquine or chloroquine were more likely to die or‚Ä¶ https://t.co/UzodMcrNw5,Fri May 22 22:00:28 +0000 2020,-0.8255,0.0,0.634,0.366,38
238,CNN,"The mayor of Amarillo, Texas, is battling a rare form of blood cancer while coordinating her city's response to Cov‚Ä¶ https://t.co/zWokUb8TtI",Fri May 22 21:59:29 +0000 2020,-0.7579,0.0,0.745,0.255,39
239,CNN,"Joe Biden says he ‚Äúshouldn‚Äôt have been such a wise guy,‚Äù hours after he told a popular African American radio host‚Ä¶ https://t.co/B05KR4jpKA",Fri May 22 21:55:44 +0000 2020,0.7096,0.228,0.772,0.0,40
240,CNN,"More than 38 million people have filed for unemployment since the Covid-19 crisis began, and the Senate just left W‚Ä¶ https://t.co/5Y7TNL4UPh",Fri May 22 21:38:56 +0000 2020,-0.7906,0.0,0.731,0.269,41
241,CNN,As many as 80 million babies worldwide are missing out on routine childhood vaccines because of the coronavirus pan‚Ä¶ https://t.co/6DufjaKIlu,Fri May 22 21:36:25 +0000 2020,-0.296,0.0,0.896,0.104,42
242,CNN,"A captain with the fire department in Tulsa, Oklahoma, is under arrest because police say he robbed two banks and s‚Ä¶ https://t.co/TNGjnZAJ6o",Fri May 22 21:32:49 +0000 2020,-0.5859,0.0,0.806,0.194,43
243,CNN,"""Even though a strong silent majority of Americans support wearing masks, too many encounters around masking turn h‚Ä¶ https://t.co/SPqKMGBk3z",Fri May 22 21:07:11 +0000 2020,0.7184,0.261,0.739,0.0,44
244,CNN,"Graduates all over the country heard virtual commencement speeches from actors, activists, presidents and more. In‚Ä¶ https://t.co/xTU6btBn7c",Fri May 22 20:58:07 +0000 2020,0.0,0.0,1.0,0.0,45
245,CNN,"""I have signed the front of checks, I've signed the back of checks. So I understand the importance of small busines‚Ä¶ https://t.co/0NR2Ow5X3t",Fri May 22 20:42:19 +0000 2020,0.3612,0.106,0.894,0.0,46
246,CNN,It's one thing to come up with the best way to spread out tables in a restaurant for social distancing. It's quite‚Ä¶ https://t.co/XkQySQbZZt,Fri May 22 20:41:19 +0000 2020,0.6369,0.16,0.84,0.0,47
247,CNN,Baltimore Mayor Bernard ‚ÄúJack‚Äù Young asks Pres. Trump to cancel his Memorial Day visit to the city because it‚Äôs non‚Ä¶ https://t.co/yrGSuCYIou,Fri May 22 20:41:08 +0000 2020,-0.25,0.0,0.909,0.091,48
248,CNN,"FBI Director Christopher Wray, who was criticized earlier this month by President Trump following a review of forme‚Ä¶ https://t.co/DRQ5I1U7q9",Fri May 22 20:26:00 +0000 2020,-0.3612,0.0,0.878,0.122,49
249,CNN,US investigators examining stock trades of Sen. Burr ahead of the pandemic markets sell-off are confronting constit‚Ä¶ https://t.co/3zZExrIwxz,Fri May 22 20:09:18 +0000 2020,-0.1531,0.0,0.914,0.086,50
250,CNN,The candy that's known for its iconic rainbow is ditching their colorful symbol for Pride Month to celebrate and su‚Ä¶ https://t.co/NOWIdGF8HP,Fri May 22 19:51:41 +0000 2020,0.7269,0.243,0.757,0.0,51
251,CNN,"The mayor of Baltimore is urging President Trump to rethink his visit to the city on Memorial Day, arguing that the‚Ä¶ https://t.co/Wvv4W2oqHh",Fri May 22 19:40:47 +0000 2020,-0.4588,0.0,0.875,0.125,52
252,CNN,The National Enquirer was in every supermarket checkout line in America! Get the dirty truth on America's most noto‚Ä¶ https://t.co/TPGuZ08fvD,Fri May 22 19:30:12 +0000 2020,-0.2244,0.098,0.766,0.136,53
253,CNN,"Virginia Gov. Ralph Northam has signed legislation that decriminalizes marijuana possession, joining a majority of‚Ä¶ https://t.co/CAWRaxt28h",Fri May 22 19:10:02 +0000 2020,0.0,0.0,1.0,0.0,54
254,CNN,"President Trump announced that his administration is issuing guidance deeming places of worship ""essential"" during‚Ä¶ https://t.co/cZvSPxTtm9",Fri May 22 18:59:41 +0000 2020,0.296,0.128,0.872,0.0,55
255,CNN,"A giant wave has appeared on the LED fa√ßade of South Korea's biggest digital billboard, located in Seoul's Gangnam‚Ä¶ https://t.co/b4z6yy7uKe",Fri May 22 18:50:03 +0000 2020,0.0,0.0,1.0,0.0,56
256,CNN,"Most of us are stressed. Really stressed.

The reality of job losses, economic uncertainty, social isolation, homes‚Ä¶ https://t.co/t4cg1E5sh6",Fri May 22 18:40:04 +0000 2020,-0.8977,0.0,0.502,0.498,57
257,CNN,"RT @CNNnewsroom: Dr. Deborah Birx encourages people to enjoy their holiday weekend, but to practice social distancing. 

‚ÄúWe continue to re‚Ä¶",Fri May 22 18:34:12 +0000 2020,0.5994,0.247,0.753,0.0,58
258,CNN,"""My dream is to meet every kid in the entire world and give them art."" This girl has sent over 1,500 children in ho‚Ä¶ https://t.co/mt5iHaBSOL",Fri May 22 18:30:16 +0000 2020,0.25,0.077,0.923,0.0,59
259,CNN,"Scientists have created a mouse embryo that's part human ‚Äî 4% to be exact.

This human-mouse chimera has by far the‚Ä¶ https://t.co/CJfcbq2GGF",Fri May 22 18:20:06 +0000 2020,0.25,0.087,0.913,0.0,60
260,CNN,"Secretary of State Mike Pompeo has condemned China's proposed national security law for Hong Kong, warning that the‚Ä¶ https://t.co/901TKgdGGd",Fri May 22 18:10:05 +0000 2020,-0.4404,0.101,0.675,0.224,61
261,CNN,Mike Pompeo pushed State Department officials to find a way to justify the emergency declaration that he had alread‚Ä¶ https://t.co/qazt1XEyTx,Fri May 22 18:00:06 +0000 2020,-0.3818,0.0,0.88,0.12,62
262,CNN,Seriously ill Covid-19 patients who were treated with hydroxychloroquine and chloroquine were more likely to die or‚Ä¶ https://t.co/eEfyaYHsdi,Fri May 22 17:51:39 +0000 2020,-0.8255,0.0,0.634,0.366,63
263,CNN,"Now that so many companies are working remotely, job interviews are happening on a computer screen. That brings add‚Ä¶ https://t.co/qLHadFWd8C",Fri May 22 17:40:33 +0000 2020,0.0,0.0,1.0,0.0,64
264,CNN,A man who recorded the fatal shooting of Ahmaud Arbery in Georgia was arrested in part because investigators believ‚Ä¶ https://t.co/6ZeTDY8w9D,Fri May 22 17:30:07 +0000 2020,-0.765,0.0,0.732,0.268,65
265,CNN,"""Those living in America's biggest cities may be questioning whether they should hunker down or flee to bigger, mor‚Ä¶ https://t.co/TKXVlOBIiy",Fri May 22 17:20:04 +0000 2020,-0.1027,0.0,0.931,0.069,66
266,CNN,Actress Lori Loughlin and fashion designer husband Mossimo Giannulli formally pleaded guilty to conspiracy charges‚Ä¶ https://t.co/XbJ7TUlAIn,Fri May 22 17:10:08 +0000 2020,-0.7351,0.0,0.693,0.307,67
267,CNN,Unemployment rates in 43 states set record highs last month as the coronavirus pandemic forced nonessential busines‚Ä¶ https://t.co/vhgyxkwGit,Fri May 22 17:04:12 +0000 2020,-0.7096,0.0,0.731,0.269,68
268,CNN,"A lawyer who represented Tara Reade, the woman who has accused Joe Biden of sexually assaulting her in 1993, announ‚Ä¶ https://t.co/inBWY5t72u",Fri May 22 16:50:06 +0000 2020,-0.6705,0.0,0.776,0.224,69
269,CNN,"Travelers to the UK will be required to self-isolate for 14 days, beginning June 8. https://t.co/wl9efe70bn",Fri May 22 16:40:04 +0000 2020,0.0,0.0,1.0,0.0,70
270,CNN,"Jerry Sloan, the longtime Utah Jazz head coach who led the team to the NBA Finals twice and ranks third among NBA c‚Ä¶ https://t.co/BEOgRvqTt7",Fri May 22 16:30:24 +0000 2020,0.0,0.0,1.0,0.0,71
271,CNN,A Dutch court has ordered a woman to remove photos of her grandchildren from Facebook. The grandmother had made the‚Ä¶ https://t.co/xLlMHQQmyA,Fri May 22 16:22:58 +0000 2020,0.0,0.0,1.0,0.0,72
272,CNN,"Here's everything you need to know about the coronavirus pandemic today: https://t.co/W9cKHsPoSr

üì© Sign up to get‚Ä¶ https://t.co/MqvHrxUYjH",Fri May 22 16:10:01 +0000 2020,0.0,0.0,1.0,0.0,73
273,CNN,"Senate Republicans say investigations into the Obama administration and former VP Joe Biden, the presumptive Democr‚Ä¶ https://t.co/53SwsDXftT",Fri May 22 16:00:18 +0000 2020,0.0,0.0,1.0,0.0,74
274,CNN,A church that had been battling city officials over Covid-19 restrictions was destroyed in a fire that investigator‚Ä¶ https://t.co/q4eOYcrSUw,Fri May 22 15:50:06 +0000 2020,-0.7717,0.0,0.675,0.325,75
275,CNN,"When Kendall Neff tried the pizza she ordered on Grubhub from a local shop, she thought it tasted familiar.

After‚Ä¶ https://t.co/o6ggX0EtUk",Fri May 22 15:40:06 +0000 2020,0.0,0.0,1.0,0.0,76
276,CNN,Immigrant rights advocates say there are signs that fears of coronavirus contagion are intensifying for the more th‚Ä¶ https://t.co/nwi58jhcpz,Fri May 22 15:30:06 +0000 2020,-0.7003,0.0,0.746,0.254,77
277,CNN,"The coronavirus pandemic has forced many companies to embrace work-from-home solutions. For some, the transition ma‚Ä¶ https://t.co/xQ7dZpn9FC",Fri May 22 15:20:06 +0000 2020,0.0,0.19,0.667,0.143,78
278,CNN,"A giant wave has appeared on the LED fa√ßade of South Korea's biggest digital billboard, located in Seoul's Gangnam‚Ä¶ https://t.co/Vui6rS20cb",Fri May 22 15:19:00 +0000 2020,0.0,0.0,1.0,0.0,79
279,CNN,These adventurers were all set to leave the wooden hut they've been calling home during a nearly 9-month expedition‚Ä¶ https://t.co/VJDolx797l,Fri May 22 15:10:02 +0000 2020,0.1779,0.09,0.853,0.057,80
280,CNN,RT @CNNnewsroom: What are your education-related questions about coronavirus? @FWhitfield and a panel of experts will be answering them on‚Ä¶,Fri May 22 15:07:07 +0000 2020,0.0,0.0,1.0,0.0,81
281,CNN,"The TSA says more than 300,000 people passed through airport security checkpoints Thursday, the first time that has‚Ä¶ https://t.co/jG1zYvIaoz",Fri May 22 15:00:09 +0000 2020,0.34,0.118,0.882,0.0,82
282,CNN,"Secretary of State Mike Pompeo has condemned China's proposed national security law for Hong Kong, warning that the‚Ä¶ https://t.co/JvzyHCVvQD",Fri May 22 14:50:07 +0000 2020,-0.4404,0.101,0.675,0.224,83
283,CNN,It's becoming clear that the Paycheck Protection Program loans won't be enough to save many small businesses as the‚Ä¶ https://t.co/1GMTUlHa80,Fri May 22 14:40:06 +0000 2020,0.7003,0.244,0.756,0.0,84
284,CNN,"RT @cnni: ‚ö°Ô∏è ‚ÄúCould this be the end of Hong Kong as we know it?‚Äù

As the world wrestles with a global pandemic, China is proposing to intro‚Ä¶",Fri May 22 14:36:15 +0000 2020,0.0,0.0,1.0,0.0,85
285,CNN,"Some governments are considering using a blood test to determine whether people can return to work, school and othe‚Ä¶ https://t.co/OmTz3q7nPP",Fri May 22 14:30:04 +0000 2020,0.0,0.0,1.0,0.0,86
286,CNN,"The shift to extended telework policies may have far-reaching consequences for the tech industry, affecting wages,‚Ä¶ https://t.co/K9yJaHyW2I",Fri May 22 14:20:04 +0000 2020,0.0,0.0,1.0,0.0,87
287,CNN,"Virginia Gov. Ralph Northam has signed legislation that decriminalizes marijuana possession, joining a majority of‚Ä¶ https://t.co/eKCVJU833B",Fri May 22 14:10:03 +0000 2020,0.0,0.0,1.0,0.0,88
288,CNN,"Backyard fowl are at the center of a recent salmonella outbreak that's infected 97 people in 28 states, according t‚Ä¶ https://t.co/DkxFLkB4gu",Fri May 22 14:00:03 +0000 2020,-0.4939,0.0,0.862,0.138,89
289,CNN,Seriously ill Covid-19 patients who were treated with hydroxychloroquine and chloroquine were more likely to die or‚Ä¶ https://t.co/sQqiBcK9EK,Fri May 22 13:53:43 +0000 2020,-0.8255,0.0,0.634,0.366,90
290,CNN,"Retail sales of antimalarial drug hydroxychloroquine, which President Trump has promoted as a potential coronavirus‚Ä¶ https://t.co/0J1SocV6fJ",Fri May 22 13:52:16 +0000 2020,0.4215,0.157,0.843,0.0,91
291,CNN,The powerful cyclone that slammed into the coastal region where India and Bangladesh meet likely caused $13.2 billi‚Ä¶ https://t.co/9aSICprXhn,Fri May 22 13:40:06 +0000 2020,0.4215,0.135,0.865,0.0,92
292,CNN,Monica V. Garcia and her family are among the thousands of Latinos across the US who have been disproportionately a‚Ä¶ https://t.co/YfOHHh6XoI,Fri May 22 13:30:10 +0000 2020,0.0,0.0,1.0,0.0,93
293,CNN,"The United Nations rapporteur for extrajudicial executions, Agnes Callamard, who led a high-profile investigation i‚Ä¶ https://t.co/YGBRGYuHOV",Fri May 22 13:21:33 +0000 2020,0.4215,0.157,0.843,0.0,94
294,CNN,"The children of slain Saudi journalist Jamal Khashoggi have publicly forgiven their father's killers, sparing five‚Ä¶ https://t.co/mQaerSTiC0",Fri May 22 13:20:08 +0000 2020,-0.4019,0.119,0.685,0.196,95
295,CNN,"RT @NewDay: ‚ÄúI, like all of us, felt very much impotent and powerless in the middle of the pandemic. So I felt this sounds like maybe I can‚Ä¶",Fri May 22 13:15:14 +0000 2020,-0.1477,0.145,0.694,0.161,96
296,CNN,"A pub owner in Washington, DC, had to lay off 138 of his employees. But even as his savings dry up and debts mount,‚Ä¶ https://t.co/Jp37GBWG6q",Fri May 22 13:10:00 +0000 2020,0.0,0.0,1.0,0.0,97
297,CNN,"If you're waking up feeling stressed or overwhelmed with the thought of beginning another day in isolation, a daily‚Ä¶ https://t.co/o9ow637LbB",Fri May 22 13:00:14 +0000 2020,-0.5267,0.113,0.672,0.214,98
298,CNN,"At least 11 bodies from the scene of the Pakistani airliner crash were brought to Jinnah Hospital, a hospital spoke‚Ä¶ https://t.co/JwKBkEwQ4w",Fri May 22 12:45:08 +0000 2020,-0.4019,0.0,0.881,0.119,99
299,CNN,"Most of us are stressed. Really stressed.

The reality of job losses, economic uncertainty, social isolation, homes‚Ä¶ https://t.co/azH9Ah8wSJ",Fri May 22 12:30:07 +0000 2020,-0.8977,0.0,0.502,0.498,100
300,FoxNews,https://t.co/ycR6H7pa5T,Sat May 23 01:38:38 +0000 2020,0.0,0.0,1.0,0.0,1
301,FoxNews,https://t.co/R6EmLIRE1w,Sat May 23 00:59:44 +0000 2020,0.0,0.0,1.0,0.0,2
302,FoxNews,https://t.co/XKCbQxjdBq,Fri May 22 23:49:05 +0000 2020,0.0,0.0,1.0,0.0,3
303,FoxNews,RT @foxnation: TONIGHT: @cmorganmusic will perform live on Fox Nation. Tune in for the special tribute to our fallen heroes starting at 8p‚Ä¶,Fri May 22 23:15:08 +0000 2020,0.5423,0.211,0.702,0.088,4
304,FoxNews,https://t.co/Cob58yjFON,Fri May 22 21:10:28 +0000 2020,0.0,0.0,1.0,0.0,5
305,FoxNews,https://t.co/uumNtSskqD,Fri May 22 19:59:52 +0000 2020,0.0,0.0,1.0,0.0,6
306,FoxNews,https://t.co/qmdG6UTrVK,Fri May 22 19:12:15 +0000 2020,0.0,0.0,1.0,0.0,7
307,FoxNews,https://t.co/yxDGwP9pFl,Fri May 22 14:04:16 +0000 2020,0.0,0.0,1.0,0.0,8
308,FoxNews,https://t.co/Bbj1M4kaOp,Fri May 22 13:44:13 +0000 2020,0.0,0.0,1.0,0.0,9
309,FoxNews,https://t.co/OCX35cNGTf,Fri May 22 13:09:17 +0000 2020,0.0,0.0,1.0,0.0,10
310,FoxNews,https://t.co/OAUidEeZ5w,Fri May 22 09:52:57 +0000 2020,0.0,0.0,1.0,0.0,11
311,FoxNews,https://t.co/RsoszBO0da,Fri May 22 02:08:16 +0000 2020,0.0,0.0,1.0,0.0,12
312,FoxNews,https://t.co/vijZAsfcUu,Fri May 22 01:05:28 +0000 2020,0.0,0.0,1.0,0.0,13
313,FoxNews,https://t.co/zI1Q6h73zB,Thu May 21 23:19:37 +0000 2020,0.0,0.0,1.0,0.0,14
314,FoxNews,https://t.co/Xcb4CdLM2H,Thu May 21 22:18:16 +0000 2020,0.0,0.0,1.0,0.0,15
315,FoxNews,https://t.co/yBJsyLY8Gq,Thu May 21 20:18:23 +0000 2020,0.0,0.0,1.0,0.0,16
316,FoxNews,https://t.co/brwsxl3Se5,Thu May 21 18:52:18 +0000 2020,0.0,0.0,1.0,0.0,17
317,FoxNews,https://t.co/mQtvq6TctN,Thu May 21 16:41:55 +0000 2020,0.0,0.0,1.0,0.0,18
318,FoxNews,https://t.co/u5esviYr6S,Thu May 21 16:41:22 +0000 2020,0.0,0.0,1.0,0.0,19
319,FoxNews,https://t.co/KUEmkBTBJo,Thu May 21 15:06:02 +0000 2020,0.0,0.0,1.0,0.0,20
320,FoxNews,https://t.co/n8wtYZtmYC,Thu May 21 13:00:26 +0000 2020,0.0,0.0,1.0,0.0,21
321,FoxNews,https://t.co/L4PaMkVLBD,Thu May 21 10:50:48 +0000 2020,0.0,0.0,1.0,0.0,22
322,FoxNews,https://t.co/tBOQZERhJl,Thu May 21 02:02:36 +0000 2020,0.0,0.0,1.0,0.0,23
323,FoxNews,https://t.co/ziAjPLpxTN,Thu May 21 01:00:16 +0000 2020,0.0,0.0,1.0,0.0,24
324,FoxNews,https://t.co/ik5O7deVyw,Wed May 20 23:56:12 +0000 2020,0.0,0.0,1.0,0.0,25
325,FoxNews,https://t.co/FvmqWjbCyf,Wed May 20 22:39:01 +0000 2020,0.0,0.0,1.0,0.0,26
326,FoxNews,https://t.co/AbMmbfhzdK,Wed May 20 21:30:24 +0000 2020,0.0,0.0,1.0,0.0,27
327,FoxNews,https://t.co/8qy3W90xIS,Wed May 20 19:42:53 +0000 2020,0.0,0.0,1.0,0.0,28
328,FoxNews,https://t.co/0TrWIITDaJ,Wed May 20 18:41:34 +0000 2020,0.0,0.0,1.0,0.0,29
329,FoxNews,https://t.co/9fkYMPRDva,Wed May 20 16:42:22 +0000 2020,0.0,0.0,1.0,0.0,30
330,FoxNews,https://t.co/C5EMZYziqN,Wed May 20 15:31:43 +0000 2020,0.0,0.0,1.0,0.0,31
331,FoxNews,https://t.co/kXljA8sgCq,Wed May 20 12:48:40 +0000 2020,0.0,0.0,1.0,0.0,32
332,FoxNews,https://t.co/AqZefHtMKF,Wed May 20 11:35:03 +0000 2020,0.0,0.0,1.0,0.0,33
333,FoxNews,https://t.co/ewB9J7IdNy,Wed May 20 10:48:02 +0000 2020,0.0,0.0,1.0,0.0,34
334,FoxNews,https://t.co/MUO02vSLPI,Wed May 20 09:51:19 +0000 2020,0.0,0.0,1.0,0.0,35
335,FoxNews,https://t.co/fKruruHT7y,Wed May 20 09:25:06 +0000 2020,0.0,0.0,1.0,0.0,36
336,FoxNews,https://t.co/JXZIKxBkbr,Wed May 20 02:15:50 +0000 2020,0.0,0.0,1.0,0.0,37
337,FoxNews,https://t.co/oN0N1wtFnA,Wed May 20 01:12:08 +0000 2020,0.0,0.0,1.0,0.0,38
338,FoxNews,https://t.co/5VwOTcpq9Y,Tue May 19 23:45:45 +0000 2020,0.0,0.0,1.0,0.0,39
339,FoxNews,https://t.co/KhkPYNsWsN,Tue May 19 21:58:15 +0000 2020,0.0,0.0,1.0,0.0,40
340,FoxNews,https://t.co/rUcpbPjFPc,Tue May 19 20:55:45 +0000 2020,0.0,0.0,1.0,0.0,41
341,FoxNews,https://t.co/YO4P1Yqbym,Tue May 19 19:52:55 +0000 2020,0.0,0.0,1.0,0.0,42
342,FoxNews,https://t.co/2wM2JMMCt0,Tue May 19 18:47:58 +0000 2020,0.0,0.0,1.0,0.0,43
343,FoxNews,https://t.co/ow0isi4cIv,Tue May 19 16:46:22 +0000 2020,0.0,0.0,1.0,0.0,44
344,FoxNews,https://t.co/fNggMe1YaQ,Tue May 19 15:33:53 +0000 2020,0.0,0.0,1.0,0.0,45
345,FoxNews,https://t.co/hVMWMdlZRt,Tue May 19 15:03:51 +0000 2020,0.0,0.0,1.0,0.0,46
346,FoxNews,https://t.co/tFjO6p50G0,Tue May 19 14:03:14 +0000 2020,0.0,0.0,1.0,0.0,47
347,FoxNews,https://t.co/bHgUjCn7Ei,Tue May 19 12:24:44 +0000 2020,0.0,0.0,1.0,0.0,48
348,FoxNews,https://t.co/We4btt5mzA,Tue May 19 11:19:04 +0000 2020,0.0,0.0,1.0,0.0,49
349,FoxNews,https://t.co/v2em0Wp8qd,Tue May 19 01:45:27 +0000 2020,0.0,0.0,1.0,0.0,50
350,FoxNews,https://t.co/7FViL1Fcyk,Tue May 19 00:35:23 +0000 2020,0.0,0.0,1.0,0.0,51
351,FoxNews,https://t.co/JJfvbVQqEQ,Mon May 18 23:23:28 +0000 2020,0.0,0.0,1.0,0.0,52
352,FoxNews,https://t.co/MDyjjdzGM0,Mon May 18 22:19:29 +0000 2020,0.0,0.0,1.0,0.0,53
353,FoxNews,https://t.co/lRj7qDp1N9,Mon May 18 21:00:27 +0000 2020,0.0,0.0,1.0,0.0,54
354,FoxNews,https://t.co/PHOtX7j8O7,Mon May 18 19:41:53 +0000 2020,0.0,0.0,1.0,0.0,55
355,FoxNews,https://t.co/V6HlW6Vb34,Mon May 18 18:34:35 +0000 2020,0.0,0.0,1.0,0.0,56
356,FoxNews,https://t.co/162Wa3Lu0p,Mon May 18 13:49:03 +0000 2020,0.0,0.0,1.0,0.0,57
357,FoxNews,https://t.co/IQIl2hdfy6,Mon May 18 11:20:11 +0000 2020,0.0,0.0,1.0,0.0,58
358,FoxNews,https://t.co/0mZnjnj42M,Mon May 18 01:36:44 +0000 2020,0.0,0.0,1.0,0.0,59
359,FoxNews,https://t.co/WG5zFOrX8V,Mon May 18 00:35:22 +0000 2020,0.0,0.0,1.0,0.0,60
360,FoxNews,https://t.co/WJUaxHnCqE,Sun May 17 23:28:09 +0000 2020,0.0,0.0,1.0,0.0,61
361,FoxNews,https://t.co/hkTXkJEkhp,Sun May 17 22:08:52 +0000 2020,0.0,0.0,1.0,0.0,62
362,FoxNews,https://t.co/pbi4v3gyqd,Sun May 17 21:04:39 +0000 2020,0.0,0.0,1.0,0.0,63
363,FoxNews,https://t.co/tIvz6yl2dX,Sun May 17 19:57:07 +0000 2020,0.0,0.0,1.0,0.0,64
364,FoxNews,https://t.co/KFSNx2eghq,Sun May 17 18:49:04 +0000 2020,0.0,0.0,1.0,0.0,65
365,FoxNews,https://t.co/1l8RDv4zut,Sun May 17 17:38:28 +0000 2020,0.0,0.0,1.0,0.0,66
366,FoxNews,https://t.co/1X7zixlrTO,Sun May 17 17:38:03 +0000 2020,0.0,0.0,1.0,0.0,67
367,FoxNews,https://t.co/VGJnqsTWW3,Sun May 17 16:07:51 +0000 2020,0.0,0.0,1.0,0.0,68
368,FoxNews,https://t.co/BzQCIBqJYj,Sun May 17 12:35:14 +0000 2020,0.0,0.0,1.0,0.0,69
369,FoxNews,https://t.co/fc0d567c5c,Sun May 17 02:21:49 +0000 2020,0.0,0.0,1.0,0.0,70
370,FoxNews,https://t.co/3CkYUcjQBY,Sun May 17 02:09:50 +0000 2020,0.0,0.0,1.0,0.0,71
371,FoxNews,https://t.co/oz5MoYWrqG,Sun May 17 01:44:39 +0000 2020,0.0,0.0,1.0,0.0,72
372,FoxNews,https://t.co/1k2I5RsKLv,Sat May 16 22:46:17 +0000 2020,0.0,0.0,1.0,0.0,73
373,FoxNews,https://t.co/FwmPG7jNfU,Sat May 16 21:03:28 +0000 2020,0.0,0.0,1.0,0.0,74
374,FoxNews,https://t.co/cq37X01S3a,Sat May 16 20:30:41 +0000 2020,0.0,0.0,1.0,0.0,75
375,FoxNews,https://t.co/dRFSwSIE1h,Sat May 16 19:22:27 +0000 2020,0.0,0.0,1.0,0.0,76
376,FoxNews,https://t.co/Q53Ur7M66q,Sat May 16 18:22:42 +0000 2020,0.0,0.0,1.0,0.0,77
377,FoxNews,https://t.co/TvhxYqHQu9,Sat May 16 16:43:59 +0000 2020,0.0,0.0,1.0,0.0,78
378,FoxNews,https://t.co/UJlA2HE3eK,Sat May 16 14:18:17 +0000 2020,0.0,0.0,1.0,0.0,79
379,FoxNews,https://t.co/f0cJ8SlQ13,Sat May 16 12:34:21 +0000 2020,0.0,0.0,1.0,0.0,80
380,FoxNews,https://t.co/rp0bt6m3c6,Sat May 16 02:09:27 +0000 2020,0.0,0.0,1.0,0.0,81
381,FoxNews,https://t.co/gis2TxhmuL,Sat May 16 01:49:32 +0000 2020,0.0,0.0,1.0,0.0,82
382,FoxNews,https://t.co/y9l9ml8qAS,Sat May 16 01:02:23 +0000 2020,0.0,0.0,1.0,0.0,83
383,FoxNews,https://t.co/itjq1aNtrZ,Sat May 16 00:16:02 +0000 2020,0.0,0.0,1.0,0.0,84
384,FoxNews,https://t.co/DgALsVvLJw,Fri May 15 23:17:59 +0000 2020,0.0,0.0,1.0,0.0,85
385,FoxNews,https://t.co/LokuOpvIKQ,Fri May 15 21:49:21 +0000 2020,0.0,0.0,1.0,0.0,86
386,FoxNews,https://t.co/dOdF21GsS0,Fri May 15 19:57:08 +0000 2020,0.0,0.0,1.0,0.0,87
387,FoxNews,https://t.co/fnDJjIHaly,Fri May 15 19:07:30 +0000 2020,0.0,0.0,1.0,0.0,88
388,FoxNews,https://t.co/fsYYGJ4DJo,Fri May 15 16:33:54 +0000 2020,0.0,0.0,1.0,0.0,89
389,FoxNews,https://t.co/RyO3porIuA,Fri May 15 16:01:50 +0000 2020,0.0,0.0,1.0,0.0,90
390,FoxNews,https://t.co/uYj1I51sk1,Fri May 15 15:33:44 +0000 2020,0.0,0.0,1.0,0.0,91
391,FoxNews,https://t.co/2JPpGe2nfm,Fri May 15 14:45:55 +0000 2020,0.0,0.0,1.0,0.0,92
392,FoxNews,https://t.co/2KB90OZYnb,Fri May 15 12:31:40 +0000 2020,0.0,0.0,1.0,0.0,93
393,FoxNews,https://t.co/vPTSadY5FH,Fri May 15 12:20:58 +0000 2020,0.0,0.0,1.0,0.0,94
394,FoxNews,https://t.co/EySImS9pxN,Fri May 15 09:38:28 +0000 2020,0.0,0.0,1.0,0.0,95
395,FoxNews,https://t.co/IpKiv9ROBX,Fri May 15 02:37:04 +0000 2020,0.0,0.0,1.0,0.0,96
396,FoxNews,https://t.co/bwLe6e56mK,Fri May 15 01:17:22 +0000 2020,0.0,0.0,1.0,0.0,97
397,FoxNews,https://t.co/o5Sd84OQvH,Fri May 15 00:08:04 +0000 2020,0.0,0.0,1.0,0.0,98
398,FoxNews,https://t.co/oUvzysN6S2,Thu May 14 22:22:40 +0000 2020,0.0,0.0,1.0,0.0,99
399,FoxNews,https://t.co/3TYUveaaxX,Thu May 14 20:44:02 +0000 2020,0.0,0.0,1.0,0.0,100
400,nytimes,"Museums in the U.S. are carefully reopening, with new policies and protocols in place to protect visitors even in s‚Ä¶ https://t.co/GAMZVK53ao",Sat May 23 03:00:07 +0000 2020,0.4767,0.177,0.823,0.0,1
401,nytimes,U.S. officials warned of punishments ‚Äî possibly including revoking Hong Kong's special economic and trading status‚Ä¶ https://t.co/TwNwJS9h4Y,Sat May 23 02:40:03 +0000 2020,-0.296,0.125,0.648,0.227,2
402,nytimes,"The check that Kayleigh McEnany, the White House press secretary, held up to show that President Trump had donated‚Ä¶ https://t.co/kPx9HUUIH8",Sat May 23 02:20:02 +0000 2020,0.0,0.0,1.0,0.0,3
403,nytimes,"Hertz, one of the world‚Äôs largest car rental companies, filed for bankruptcy. It was struggling with debt before th‚Ä¶ https://t.co/ZxqRrHbsqn",Sat May 23 02:11:13 +0000 2020,-0.6486,0.0,0.773,0.227,4
404,nytimes,"‚ÄúWe‚Äôre happy that the case is dismissed,‚Äù said Kenneth Walker‚Äôs lawyer, Rob Eggert. ‚ÄúHe always said that he didn‚Äôt‚Ä¶ https://t.co/hTbbA8LrVm",Sat May 23 02:00:08 +0000 2020,0.0258,0.146,0.711,0.142,5
405,nytimes,"‚ÄúTo me, it‚Äôs the sound of the city aching."" 29 of New York City's 30 quietest days during the last 3 years have bee‚Ä¶ https://t.co/RHve98r23D",Sat May 23 01:40:02 +0000 2020,-0.4939,0.0,0.882,0.118,6
406,nytimes,The video captured by William Bryan brought the world‚Äôs attention to the killing of Ahmaud Arbery. Authorities now‚Ä¶ https://t.co/AEmVxHAz0i,Sat May 23 01:30:06 +0000 2020,-0.6597,0.0,0.804,0.196,7
407,nytimes,"RT @charlie_savage: A deeper look at how the independent inspectors general system, a key post-Watergate reform to keep government honest,‚Ä¶",Sat May 23 01:19:30 +0000 2020,0.0,0.0,1.0,0.0,8
408,nytimes,RT @jessemckinley: NY health officials are scrambling to understand a mysterious syndrome threatening the lives of dozens of children. With‚Ä¶,Sat May 23 01:10:05 +0000 2020,-0.5267,0.0,0.848,0.152,9
409,nytimes,"‚ÄúThe hallmarks of the coronavirus ad are so consistent they could be generated by bots,"" our critic @amandahess wri‚Ä¶ https://t.co/0CCudz1HZe",Sat May 23 01:00:09 +0000 2020,-0.2732,0.0,0.9,0.1,10
410,nytimes,"Patrick Ewing, the former Knicks superstar and the current coach of the Georgetown University men‚Äôs basketball team‚Ä¶ https://t.co/Oy7kLyJRYR",Sat May 23 00:45:03 +0000 2020,0.0,0.0,1.0,0.0,11
411,nytimes,RT @ewong: NEW: US officials warn China on proposed security law on Hong Kong. @SecPompeo says it would be a ‚Äúdeath knell‚Äù ‚Äî and he signals‚Ä¶,Sat May 23 00:42:07 +0000 2020,0.25,0.086,0.863,0.05,12
412,nytimes,At least 161 children in New York have gotten sick ‚Äî and 3 have died ‚Äî from a mysterious syndrome linked to the cor‚Ä¶ https://t.co/NiqobKpgPc,Sat May 23 00:40:03 +0000 2020,-0.7845,0.0,0.769,0.231,13
413,nytimes,"RT @cliffordlevy: Feels like the right time to remind everyone to follow the @nytimes White House team, the best in the business: @peterbak‚Ä¶",Sat May 23 00:20:20 +0000 2020,0.7717,0.242,0.758,0.0,14
414,nytimes,"If you‚Äôre worried about wiping down grocery bags or disinfecting mailed packages because of the coronavirus, this C‚Ä¶ https://t.co/wlTvZ6Xrlc",Sat May 23 00:00:08 +0000 2020,-0.296,0.0,0.891,0.109,15
415,nytimes,Amazon is turning to faster shipping times and launching big sales to try to win back customers lost during the pan‚Ä¶ https://t.co/ee8SysLRkc,Fri May 22 23:39:03 +0000 2020,0.4939,0.205,0.709,0.086,16
416,nytimes,"Hong Kong is now squarely in the middle of the growing conflict between China and the U.S., which is increasingly c‚Ä¶ https://t.co/sJtP9uvXQE",Fri May 22 23:20:05 +0000 2020,-0.1531,0.071,0.833,0.096,17
417,nytimes,The widespread interruption of routine immunization programs around the world during the pandemic is putting 80 mil‚Ä¶ https://t.co/eg65zZX4Sx,Fri May 22 23:00:05 +0000 2020,-0.3612,0.0,0.872,0.128,18
418,nytimes,"The coronavirus pandemic poses new safety challenges around water, Lisa L. Lewis writes for @NYTParenting. Experts‚Ä¶ https://t.co/wseklngsPH",Fri May 22 22:40:04 +0000 2020,0.4767,0.215,0.785,0.0,19
419,nytimes,"For college students, internships can be a steppingstone to full-time work, a vital source of income and even a gra‚Ä¶ https://t.co/S8EXNwSp6p",Fri May 22 22:20:04 +0000 2020,0.296,0.099,0.901,0.0,20
420,nytimes,An overflowing morgue and a reeling ER: Our video goes inside the only hospital in one of New York City‚Äôs hardest-h‚Ä¶ https://t.co/7MrDFQQjpA,Fri May 22 22:10:05 +0000 2020,0.0,0.0,1.0,0.0,21
421,nytimes,"These bars are half peanut butter and jelly sandwich, half summer fruit pie
https://t.co/BHvWkm38rD",Fri May 22 22:00:08 +0000 2020,0.0,0.0,1.0,0.0,22
422,nytimes,"President Trump has begun questioning the official coronavirus death toll, suggesting the numbers, which have hurt‚Ä¶ https://t.co/AhZ1FDklcP",Fri May 22 21:40:07 +0000 2020,-0.6486,0.0,0.739,0.261,23
423,nytimes,The coronavirus pandemic has taken an incalculable death toll. We're putting names and faces to the numbers. Here a‚Ä¶ https://t.co/yd8fzg2asf,Fri May 22 21:23:41 +0000 2020,-0.5994,0.0,0.83,0.17,24
424,nytimes,"Lloyd Porter, an actor known for bringing out the best in his neighbors, opened a Brooklyn bakery and cafe with his‚Ä¶ https://t.co/CYxioAUnfv",Fri May 22 21:22:04 +0000 2020,0.6369,0.167,0.833,0.0,25
425,nytimes,A Dutch court has ruled that a woman violated the GDPR in Europe by refusing to take down photos of her grandchildr‚Ä¶ https://t.co/oXQFLgCaXX,Fri May 22 21:20:06 +0000 2020,-0.7269,0.0,0.775,0.225,26
426,nytimes,"With New York City beaches closed, nearby towns are limiting beach access to keep sun-starved New Yorkers from floo‚Ä¶ https://t.co/rCvCJYFZIY",Fri May 22 21:00:08 +0000 2020,0.0,0.0,1.0,0.0,27
427,nytimes,RT @SamSifton: I'd like to share some documents with you. https://t.co/alkpVIaXMQ,Fri May 22 20:50:03 +0000 2020,0.5719,0.343,0.657,0.0,28
428,nytimes,"""My fear is that this good news could lead to complacency, which could lead to a second wave,"" London mayor Sadiq K‚Ä¶ https://t.co/TvdnpT7cFy",Fri May 22 20:40:05 +0000 2020,0.0451,0.122,0.762,0.116,29
429,nytimes,Did you follow the headlines this week? Take our quiz to find out. https://t.co/uK124NigSy,Fri May 22 20:20:04 +0000 2020,0.0,0.0,1.0,0.0,30
430,nytimes,"Joe Biden apologized for saying that black voters torn between him and President Trump ""ain‚Äôt black.""

""I shouldn't‚Ä¶ https://t.co/UtYqKxM6GP",Fri May 22 20:00:49 +0000 2020,0.0772,0.108,0.798,0.094,31
431,nytimes,"For decades, the backbone of the U.S.'s disaster response system has been its army of volunteers who race toward da‚Ä¶ https://t.co/5DRzuy9vyB",Fri May 22 19:50:04 +0000 2020,-0.6249,0.0,0.83,0.17,32
432,nytimes,"Planning your menu this Memorial Day weekend? @NYTfood has you covered with recipes for delicious dips, crisp salad‚Ä¶ https://t.co/7RfVZaWMTQ",Fri May 22 19:19:02 +0000 2020,0.5719,0.171,0.829,0.0,33
433,nytimes,"Breaking News: President Trump called houses of worship ‚Äúessential‚Äù and ordered them reopened, without any clear au‚Ä¶ https://t.co/gigHAbbWuC",Fri May 22 19:07:23 +0000 2020,0.0041,0.108,0.785,0.107,34
434,nytimes,Hungary has moved nearly 300 asylum seekers out of fenced detention sites where they had been put in metal containe‚Ä¶ https://t.co/nRFJPToCk8,Fri May 22 19:00:09 +0000 2020,-0.3612,0.0,0.889,0.111,35
435,nytimes,RT @jeannasmialek: The Fed had decided to stop worrying about inflation and learn to love low unemployment -- and then came the pandemic.‚Ä¶,Fri May 22 18:41:24 +0000 2020,-0.5267,0.132,0.566,0.302,36
436,nytimes,Nursing homes with a significant number of black and Latino residents have been twice as likely to be hit by the co‚Ä¶ https://t.co/I88xS3vvd9,Fri May 22 18:40:08 +0000 2020,0.2732,0.129,0.871,0.0,37
437,nytimes,A 20-year-old man who is a temporary patient of a nursing home in Detroit has been arrested in connection with a vi‚Ä¶ https://t.co/uNXWgTbd9Z,Fri May 22 18:20:05 +0000 2020,-0.4767,0.0,0.876,0.124,38
438,nytimes,Secretary of State Mike Pompeo condemned China on Friday after Beijing unveiled the details of a broad new security‚Ä¶ https://t.co/20nbpFT1su,Fri May 22 18:00:04 +0000 2020,-0.4404,0.0,0.868,0.132,39
439,nytimes,"Britain has announced that it will quarantine everyone flying into the country, including its citizens, beginning J‚Ä¶ https://t.co/FOjDPKWQKe",Fri May 22 17:40:08 +0000 2020,0.0,0.0,1.0,0.0,40
440,nytimes,"In an extraordinary move, a federal appeals court panel has ordered a trial judge to explain why he is hesitating t‚Ä¶ https://t.co/OOGZ8LicBz",Fri May 22 17:20:04 +0000 2020,-0.34,0.0,0.897,0.103,41
441,nytimes,"In Opinion

@nytdavidbrooks is chatting about his latest column https://t.co/kMrqG8PyiE https://t.co/9L8ptPCQjx",Fri May 22 17:11:18 +0000 2020,0.0,0.0,1.0,0.0,42
442,nytimes,See our full list of books to read this summer here https://t.co/dThY8nliPz,Fri May 22 17:04:32 +0000 2020,0.0,0.0,1.0,0.0,43
443,nytimes,Here are 7 thrillers to read this summer. ‚ÄúIf there were ever a time to distract yourself with the dismaying and of‚Ä¶ https://t.co/88NgzqS07u,Fri May 22 17:00:14 +0000 2020,-0.6486,0.042,0.755,0.204,44
444,nytimes,"The car rental giant Hertz could soon file for bankruptcy if it can't reach a deal with its creditors
https://t.co/HFef6sS8f7",Fri May 22 16:50:06 +0000 2020,-0.0191,0.0,0.946,0.054,45
445,nytimes,"Lori Loughlin has agreed to plead guilty in the college admissions case, a dramatic turnaround after more than a ye‚Ä¶ https://t.co/BryVqO7CDt",Fri May 22 16:47:25 +0000 2020,-0.1779,0.088,0.795,0.117,46
446,nytimes,"Jyoti Kumari, the 15-year-old daughter of a migrant laborer, biked 700 miles across India to bring her father home‚Ä¶ https://t.co/Ef8oBnBa7U",Fri May 22 16:45:08 +0000 2020,0.0,0.0,1.0,0.0,47
447,nytimes,"China's leader, Xi Jinping, is trying to press an offensive over Hong Kong at a time of global crisis when China is‚Ä¶ https://t.co/xqtPrR8cDC",Fri May 22 16:40:04 +0000 2020,-0.7964,0.0,0.747,0.253,48
448,nytimes,"Jerry Sloan, the former Utah Jazz coach, has died at age 78. He was one of the winningest coaches in NBA history.
https://t.co/WDYqS0tJvO",Fri May 22 16:35:05 +0000 2020,-0.5574,0.0,0.859,0.141,49
449,nytimes,"SomeBODY tucked a verse about climate change into their song ‚ÄúAll Star‚Äù in 1999. (That somebody was Smash Mouth, an‚Ä¶ https://t.co/AQMkZmeRCe",Fri May 22 16:30:06 +0000 2020,0.0,0.0,1.0,0.0,50
450,nytimes,"RT @danielle_ivory: Here are two powerful graphics that help tell the story of the racial divide in US nursing homes. 

We found neighborho‚Ä¶",Fri May 22 16:10:01 +0000 2020,0.6705,0.208,0.792,0.0,51
451,nytimes,"""It‚Äôs like chasing a high.""

Trichotillomania is a type of impulse control disorder which causes people to pull the‚Ä¶ https://t.co/sV2adTT5oD",Fri May 22 16:00:13 +0000 2020,-0.0516,0.108,0.776,0.116,52
452,nytimes,Coronavirus patients who received the anti-malaria drugs promoted by President Trump were more likely to have abnor‚Ä¶ https://t.co/5xZJfu4Exz,Fri May 22 15:51:03 +0000 2020,0.4215,0.141,0.859,0.0,53
453,nytimes,"As Memorial Day weekend begins, cooped-up Americans are eager for social interaction and fun. Yet public health off‚Ä¶ https://t.co/k8rW2HLBi3",Fri May 22 15:40:03 +0000 2020,0.7003,0.254,0.746,0.0,54
454,nytimes,"In Opinion

""The Chinese Communist Party is ambitious, and it is impatient. It doesn‚Äôt just want to control Hong Ko‚Ä¶ https://t.co/m1RR3b3v67",Fri May 22 15:20:04 +0000 2020,0.5994,0.27,0.646,0.084,55
455,nytimes,Joe Biden said on Friday that black voters torn between voting for him or President Trump ‚Äúain‚Äôt black.‚Äù His commen‚Ä¶ https://t.co/X15SP8tPi2,Fri May 22 15:07:23 +0000 2020,-0.25,0.0,0.909,0.091,56
456,nytimes,"Bernice Silver, known as the Queen of Potpourri, for her fast-and-furious storytelling form and a beloved figure in‚Ä¶ https://t.co/lRelT50b7w",Fri May 22 15:00:17 +0000 2020,0.5106,0.155,0.845,0.0,57
457,nytimes,"As global temperatures have climbed, so have mentions of climate change in popular songs. Listen to 10 songs that l‚Ä¶ https://t.co/dUH10Z9olU",Fri May 22 14:50:06 +0000 2020,0.4215,0.123,0.877,0.0,58
458,nytimes,"Should machines ever be truly allowed to make decisions on their own? For years, some researchers have said, ""No.""‚Ä¶ https://t.co/OwpDwRLyke",Fri May 22 14:40:08 +0000 2020,0.4404,0.132,0.868,0.0,59
459,nytimes,"""I miss the applause, the tent, the colors of the lights. Everything is missing.""

One of Italy‚Äôs famous family-own‚Ä¶ https://t.co/UNR6HLJgpT",Fri May 22 14:20:03 +0000 2020,0.0,0.119,0.72,0.161,60
460,nytimes,"Hazel Ying Lee and Maggie Gee never met, but as the only 2 Chinese-American women pilots during World War II, their‚Ä¶ https://t.co/QNsxlCcUKB",Fri May 22 14:00:17 +0000 2020,-0.7469,0.0,0.797,0.203,61
461,nytimes,"RT @KassieBracken: As a kid, I spent summers with my grandmother in the Rockaways ‚Äî still have family there. As N.Y.C. Covid cases grew, I‚Ä¶",Fri May 22 13:47:38 +0000 2020,0.0,0.0,1.0,0.0,62
462,nytimes,"Wilson Jerman, who served 11 U.S. presidents as a cleaner, butler and elevator operator, died on Saturday in Virgin‚Ä¶ https://t.co/EShm2CGEP0",Fri May 22 13:40:05 +0000 2020,-0.4404,0.073,0.773,0.155,63
463,nytimes,"With an assist from the king, Malaysian politicians from the old government are back in power in a new coalition. M‚Ä¶ https://t.co/ILKZFg5jN7",Fri May 22 13:20:05 +0000 2020,0.0,0.0,1.0,0.0,64
464,nytimes,"In Opinion

‚ÄúThe public square is thick today with augurs and prophets,‚Äù writes Mark Lilla. ‚ÄúBut the post-Covid fut‚Ä¶ https://t.co/XYjDg2PFBb",Fri May 22 13:00:12 +0000 2020,0.0,0.0,1.0,0.0,65
465,nytimes,"With Joe Biden actively considering Elizabeth Warren to be his running mate, their ideological differences ‚Äî and wh‚Ä¶ https://t.co/BTnsexWO2I",Fri May 22 12:40:05 +0000 2020,0.3182,0.113,0.887,0.0,66
466,nytimes,"Since the coronavirus pandemic began, tensions have repeatedly flared over whether too many New York City residents‚Ä¶ https://t.co/JcFIoQywCe",Fri May 22 12:20:08 +0000 2020,-0.4019,0.0,0.863,0.137,67
467,nytimes,A son of the Saudi writer Jamal Khashoggi said that he and his siblings had forgiven the men who killed their fathe‚Ä¶ https://t.co/PDJBQEEWH0,Fri May 22 12:00:06 +0000 2020,-0.4404,0.093,0.747,0.16,68
468,nytimes,"For today, May 22, here‚Äôs how to follow the latest on the coronavirus outbreak. 

üåé Live updates from around the wo‚Ä¶ https://t.co/MAt1LBQS36",Fri May 22 11:53:50 +0000 2020,0.0,0.0,1.0,0.0,69
469,nytimes,"""Most of us are quiet enough to hear the gentle voice.‚Äù

In Quaker worship, members sit together in silence, waitin‚Ä¶ https://t.co/3L0jO0evSs",Fri May 22 11:45:03 +0000 2020,0.6249,0.212,0.788,0.0,70
470,nytimes,"A Mississippi church that defied coronavirus restrictions has burned to the ground. 

Graffiti at the scene that re‚Ä¶ https://t.co/TFwfs4ePjt",Fri May 22 11:33:04 +0000 2020,0.0,0.0,1.0,0.0,71
471,nytimes,The Tokyo Olympic Games will happen in July and August of 2021 or they will not happen at all. A spokesman for the‚Ä¶ https://t.co/rcKLeBHwBy,Fri May 22 11:30:09 +0000 2020,0.0,0.0,1.0,0.0,72
472,nytimes,"RT @ditzkoff: My profile of Steve Carell and the making of his Netflix series Space Force, his first comedy show since The Office. What his‚Ä¶",Fri May 22 11:19:26 +0000 2020,0.3612,0.094,0.906,0.0,73
473,nytimes,Breaking News: A Pakistan International Airlines plane with at least 91 people aboard crashed in a residential area‚Ä¶ https://t.co/qdw62rN2MS,Fri May 22 11:08:12 +0000 2020,0.0258,0.058,0.942,0.0,74
474,nytimes,RT @jimrutenberg: NEW: Questions about Tara Reade‚Äôs education credentials cause attorneys to review her work as expert witnesses in domesti‚Ä¶,Fri May 22 11:00:13 +0000 2020,0.0,0.0,1.0,0.0,75
475,nytimes,"Asian markets overall fell on Friday, with Hong Kong‚Äôs drop outpacing others, on coronavirus worries and the prospe‚Ä¶ https://t.co/pcuE6RvsSi",Fri May 22 10:40:03 +0000 2020,-0.5994,0.0,0.776,0.224,76
476,nytimes,A U.K. police watchdog said it would not conduct a criminal inquiry into Boris Johnson over claims that as London's‚Ä¶ https://t.co/e4sALrp17A,Fri May 22 10:20:06 +0000 2020,0.4168,0.122,0.878,0.0,77
477,nytimes,Saudi officials trying to pressure a former top intelligence official to return to Saudi Arabia have arrested sever‚Ä¶ https://t.co/1LJmfzDzHz,Fri May 22 10:00:07 +0000 2020,-0.1027,0.194,0.595,0.21,78
478,nytimes,"The Chinese government unveiled a plan to take a stronger, more direct hand in Hong Kong‚Äôs affairs. For many pro-de‚Ä¶ https://t.co/TrTcLKZvDB",Fri May 22 09:40:04 +0000 2020,0.7251,0.242,0.758,0.0,79
479,nytimes,"In Opinion

Sonia Faleiro writes: The British government has sent out a clear message: ""The work of ethnic minoriti‚Ä¶ https://t.co/lXZfgF3iq8",Fri May 22 09:20:05 +0000 2020,0.3818,0.12,0.88,0.0,80
480,nytimes,"Nita Pippins moved to New York to care for her dyings on. Instead of returning home, she dedicated herself to AIDS‚Ä¶ https://t.co/rG0pn5Kvvy",Fri May 22 09:00:18 +0000 2020,0.7351,0.237,0.763,0.0,81
481,nytimes,"On Thursday, China proposed security laws that could effectively subvert Hong Kong‚Äôs remaining freedoms and bring i‚Ä¶ https://t.co/m8wabQlJZr",Fri May 22 08:40:05 +0000 2020,0.7579,0.333,0.667,0.0,82
482,nytimes,"‚ÄúYou can make money no matter if the price rises or falls,‚Äù said an ad for Bank of China's crude oil investment pro‚Ä¶ https://t.co/i8VBLCPXxU",Fri May 22 08:20:07 +0000 2020,-0.5823,0.0,0.822,0.178,83
483,nytimes,"RT @salmanmasood: In parts of India and Pakistan, conditions during the hotter months could make the virus less than half as likely to infe‚Ä¶",Fri May 22 08:10:01 +0000 2020,0.0,0.0,1.0,0.0,84
484,nytimes,"Earlier this month, Samy Kamkar shared his latest creation on Twitter: chocolate that shimmers like a rainbow. https://t.co/zPWRo8OKS4",Fri May 22 08:00:06 +0000 2020,0.7184,0.318,0.682,0.0,85
485,nytimes,"Gui Khury owned a skateboard before he was even born. This month, the 11-year-old became the first skateboarder to‚Ä¶ https://t.co/DjQrCKsKZj",Fri May 22 07:50:03 +0000 2020,0.0,0.0,1.0,0.0,86
486,nytimes,"RT @BellaKwai: Beer with Bella is back! Our latest guest is former prime minister Malcolm Turnbull who spills some tea on Trump, the ""terro‚Ä¶",Fri May 22 07:40:03 +0000 2020,0.0,0.0,1.0,0.0,87
487,nytimes,RT @motokorich: The Tokyo Games will happen in July and August of 2021 or they will not happen at all. With @mattfutterman https://t.co/rY2‚Ä¶,Fri May 22 07:30:07 +0000 2020,0.0,0.0,1.0,0.0,88
488,nytimes,Europe morning briefing: Here's what you need to know to start your day https://t.co/5fzvKA2r3Z,Fri May 22 07:00:06 +0000 2020,0.0,0.0,1.0,0.0,89
489,nytimes,The British government agreed to scrap a policy that requires staff from overseas in the country‚Äôs National Health‚Ä¶ https://t.co/Oa3ubhpd4G,Fri May 22 06:54:04 +0000 2020,0.2732,0.104,0.896,0.0,90
490,nytimes,Facebook said on Thursday that it would allow many employees to work from home permanently. But there‚Äôs a catch: Th‚Ä¶ https://t.co/hmnkGiTbWk,Fri May 22 06:40:05 +0000 2020,0.1154,0.068,0.932,0.0,91
491,nytimes,"RT @BenWeiserNYT: ""The curfew has offered new moments of breathtaking beauty."" In Istanbul Under Lockdown by @carlottagall with photos by @‚Ä¶",Fri May 22 06:20:01 +0000 2020,0.7783,0.264,0.736,0.0,92
492,nytimes,"Since early December and as recently as last week, TikTok stars hailing from all around the U.S. have snatched up h‚Ä¶ https://t.co/3s9pQWOFib",Fri May 22 06:00:09 +0000 2020,0.0,0.0,1.0,0.0,93
493,nytimes,RT @palafo: The Federal Bureau of Investigation said Thursday that it had opened an investigation into the fatal shooting of a black woman‚Ä¶,Fri May 22 05:45:02 +0000 2020,-0.5423,0.0,0.863,0.137,94
494,nytimes,An organization working to prevent pandemics lost its federal grant to work in China. A group of 77 Nobel laureates‚Ä¶ https://t.co/JKNd18OdaR,Fri May 22 05:30:09 +0000 2020,0.0772,0.151,0.753,0.096,95
495,nytimes,Hong Kong stocks fell by more than 4% in early Friday trading after Chinese leaders announced their plans to tighte‚Ä¶ https://t.co/o5X7gYFvvm,Fri May 22 05:00:06 +0000 2020,0.0,0.0,1.0,0.0,96
496,nytimes,"RT @stevenleemyers: ""Even as China acknowledged the cost of the pandemic, the government is determined to show it will not be politically c‚Ä¶",Fri May 22 04:50:04 +0000 2020,0.34,0.098,0.902,0.0,97
497,nytimes,Read updates in Chinese: Êñ∞ÂÜ†ÁóÖÊØíÁñ´ÊÉÖÊúÄÊñ∞Ê∂àÊÅØ https://t.co/TLsWMGjCYE,Fri May 22 04:24:34 +0000 2020,0.0,0.0,1.0,0.0,98
498,nytimes,"‚ÄîPresident Trump, visiting a hard-hit U.S. state, declined to wear a mask in public
‚ÄîThe pandemic hovers over China‚Ä¶ https://t.co/wzuvwrNK4V",Fri May 22 04:24:08 +0000 2020,0.0,0.0,1.0,0.0,99
499,nytimes,A 32-year-old Long Island man was arrested and charged with murder on Thursday after the man fatally stabbed his fa‚Ä¶ https://t.co/VXupb8X0Do,Fri May 22 04:10:04 +0000 2020,-0.9493,0.0,0.489,0.511,100
